MFC,A,D,Z,Init20,hmm84,TBVAL,5000,ROVAL,100,GRAMMARSCALE,0,INSWORD,0,-CORETEST,0,0,192,192,67.47,53.58,4962,634,1758,1022,7354
MFC,A,D,Z,Init20,hmm84,TBVAL,5000,ROVAL,100,GRAMMARSCALE,0,INSWORD,-4,-CORETEST,0,0,192,192,66.15,57.23,4865,778,1711,656,7354
MFC,A,D,Z,Init20,hmm84,TBVAL,5000,ROVAL,100,GRAMMARSCALE,0,INSWORD,-8,-CORETEST,0,0,192,192,64.62,58.81,4752,913,1689,427,7354
MFC,A,D,Z,Init20,hmm84,TBVAL,5000,ROVAL,100,GRAMMARSCALE,1,INSWORD,0,-CORETEST,0,0,192,192,68.26,59.29,5020,697,1637,660,7354
MFC,A,D,Z,Init20,hmm84,TBVAL,5000,ROVAL,100,GRAMMARSCALE,1,INSWORD,-4,-CORETEST,0,0,192,192,66.7,60.73,4905,861,1588,439,7354
MFC,A,D,Z,Init20,hmm84,TBVAL,5000,ROVAL,100,GRAMMARSCALE,1,INSWORD,-8,-CORETEST,0,0,192,192,65.24,60.84,4798,1011,1545,324,7354
MFC,A,D,Z,Init20,hmm84,TBVAL,5000,ROVAL,100,GRAMMARSCALE,2,INSWORD,0,-CORETEST,0,0,192,192,69.72,62.95,5127,675,1552,498,7354
MFC,A,D,Z,Init20,hmm84,TBVAL,5000,ROVAL,100,GRAMMARSCALE,2,INSWORD,-4,-CORETEST,0,0,192,192,67.99,63.16,5000,841,1513,355,7354
MFC,A,D,Z,Init20,hmm84,TBVAL,5000,ROVAL,100,GRAMMARSCALE,2,INSWORD,-8,-CORETEST,0,0,192,192,65.62,62.24,4826,1053,1475,249,7354
MFC,A,D,Z,Init20,hmm84,TBVAL,5000,ROVAL,100,GRAMMARSCALE,3,INSWORD,0,-CORETEST,0,0,192,192,69.91,64.7,5141,699,1514,383,7354
MFC,A,D,Z,Init20,hmm84,TBVAL,5000,ROVAL,100,GRAMMARSCALE,3,INSWORD,-4,-CORETEST,0,0,192,192,68.15,64.22,5012,854,1488,289,7354
MFC,A,D,Z,Init20,hmm84,TBVAL,5000,ROVAL,100,GRAMMARSCALE,3,INSWORD,-8,-CORETEST,0,0,192,192,66.55,63.71,4894,1009,1451,209,7354
MFC,A,D,Z,Init20,hmm84,TBVAL,5000,ROVAL,100,GRAMMARSCALE,4,INSWORD,0,-CORETEST,0,0,192,192,69.76,65.37,5130,739,1485,323,7354
MFC,A,D,Z,Init20,hmm84,TBVAL,5000,ROVAL,100,GRAMMARSCALE,4,INSWORD,-4,-CORETEST,0,0,192,192,67.85,64.6,4990,910,1454,239,7354
MFC,A,D,Z,Init20,hmm84,TBVAL,5000,ROVAL,100,GRAMMARSCALE,4,INSWORD,-8,-CORETEST,0,0,192,192,66.24,63.98,4871,1036,1447,166,7354
MFC,A,D,Z,Init20,hmm84,TBVAL,5000,ROVAL,100,GRAMMARSCALE,5,INSWORD,0,-CORETEST,0,0,192,192,69.32,65.68,5098,797,1459,268,7354
MFC,A,D,Z,Init20,hmm84,TBVAL,5000,ROVAL,100,GRAMMARSCALE,5,INSWORD,-4,-CORETEST,0,0,192,192,67.6,64.92,4971,930,1453,197,7354
MFC,A,D,Z,Init20,hmm84,TBVAL,5000,ROVAL,100,GRAMMARSCALE,5,INSWORD,-8,-CORETEST,0,0,192,192,65.87,63.76,4844,1085,1425,155,7354
MFC,A,D,Z,Init20,hmm84,TBVAL,5000,ROVAL,100,GRAMMARSCALE,6,INSWORD,0,-CORETEST,0,0,192,192,68.97,65.86,5072,836,1446,229,7354
MFC,A,D,Z,Init20,hmm84,TBVAL,5000,ROVAL,100,GRAMMARSCALE,6,INSWORD,-4,-CORETEST,0,0,192,192,67.56,65.19,4968,968,1418,174,7354
MFC,A,D,Z,Init20,hmm84,TBVAL,5000,ROVAL,100,GRAMMARSCALE,6,INSWORD,-8,-CORETEST,0,0,192,192,66,64.24,4854,1108,1392,130,7354
MFC,A,D,Z,Init20,hmm84,TBVAL,5000,ROVAL,100,GRAMMARSCALE,7,INSWORD,0,-CORETEST,0,0,192,192,68.21,65.38,5016,895,1443,208,7354
MFC,A,D,Z,Init20,hmm84,TBVAL,5000,ROVAL,100,GRAMMARSCALE,7,INSWORD,-4,-CORETEST,0,0,192,192,66.98,64.81,4926,1009,1419,160,7354
MFC,A,D,Z,Init20,hmm84,TBVAL,5000,ROVAL,100,GRAMMARSCALE,7,INSWORD,-8,-CORETEST,0,0,192,192,65.32,63.67,4804,1158,1392,122,7354
MFC,A,D,Z,Init20,hmm84,TBVAL,5000,ROVAL,100,GRAMMARSCALE,8,INSWORD,0,-CORETEST,0,0,192,192,67.6,65.04,4971,947,1436,188,7354
MFC,A,D,Z,Init20,hmm84,TBVAL,5000,ROVAL,100,GRAMMARSCALE,8,INSWORD,-4,-CORETEST,0,0,192,192,66.45,64.45,4887,1050,1417,147,7354
MFC,A,D,Z,Init20,hmm84,TBVAL,5000,ROVAL,100,GRAMMARSCALE,8,INSWORD,-8,-CORETEST,0,0,192,192,64.73,63.11,4760,1200,1394,119,7354
MFC,A,D,Z,Init20,hmm84,TBVAL,5000,ROVAL,100,GRAMMARSCALE,9,INSWORD,0,-CORETEST,0,0,192,192,66.73,64.33,4907,1001,1446,176,7354
MFC,A,D,Z,Init20,hmm84,TBVAL,5000,ROVAL,100,GRAMMARSCALE,9,INSWORD,-4,-CORETEST,0,0,192,192,65.43,63.52,4812,1115,1427,141,7354
MFC,A,D,Z,Init20,hmm84,TBVAL,5000,ROVAL,100,GRAMMARSCALE,9,INSWORD,-8,-CORETEST,0,0,192,192,63.75,62.27,4688,1268,1398,109,7354
MFC,A,D,Z,Init20,hmm84,TBVAL,5000,ROVAL,100,GRAMMARSCALE,10,INSWORD,0,-CORETEST,0,0,192,192,65.79,63.58,4838,1057,1459,162,7354
MFC,A,D,Z,Init20,hmm84,TBVAL,5000,ROVAL,100,GRAMMARSCALE,10,INSWORD,-4,-CORETEST,0,0,192,192,64.55,62.8,4747,1182,1425,129,7354
MFC,A,D,Z,Init20,hmm84,TBVAL,5000,ROVAL,100,GRAMMARSCALE,10,INSWORD,-8,-CORETEST,0,0,192,192,62.85,61.44,4622,1349,1383,104,7354
MFC,A,D,Z,Init20,hmm84,TBVAL,5000,ROVAL,100,GRAMMARSCALE,11,INSWORD,0,-CORETEST,0,0,192,192,64.89,62.86,4772,1121,1461,149,7354
MFC,A,D,Z,Init20,hmm84,TBVAL,5000,ROVAL,100,GRAMMARSCALE,11,INSWORD,-4,-CORETEST,0,0,192,192,63.61,62.02,4678,1261,1415,117,7354
MFC,A,D,Z,Init20,hmm84,TBVAL,5000,ROVAL,100,GRAMMARSCALE,11,INSWORD,-8,-CORETEST,0,0,191,191,62.14,60.86,4541,1413,1354,93,7308
MFC,A,D,Z,Init20,hmm84,TBVAL,5000,ROVAL,100,GRAMMARSCALE,12,INSWORD,0,-CORETEST,0,0,192,192,64.29,62.42,4728,1201,1425,138,7354
MFC,A,D,Z,Init20,hmm84,TBVAL,5000,ROVAL,100,GRAMMARSCALE,12,INSWORD,-4,-CORETEST,0,0,192,192,62.92,61.38,4627,1342,1385,113,7354
MFC,A,D,Z,Init20,hmm84,TBVAL,5000,ROVAL,100,GRAMMARSCALE,12,INSWORD,-8,-CORETEST,0,0,190,190,61.31,60.2,4459,1473,1341,81,7273
MFC,A,D,Z,Init20,hmm84,TBVAL,5000,ROVAL,100,GRAMMARSCALE,13,INSWORD,0,-CORETEST,0,0,192,192,63.24,61.5,4651,1280,1423,128,7354
MFC,A,D,Z,Init20,hmm84,TBVAL,5000,ROVAL,100,GRAMMARSCALE,13,INSWORD,-4,-CORETEST,0,0,192,192,61.6,60.17,4530,1431,1393,105,7354
MFC,A,D,Z,Init20,hmm84,TBVAL,5000,ROVAL,100,GRAMMARSCALE,13,INSWORD,-8,-CORETEST,0,0,188,188,60.37,59.23,4354,1528,1330,82,7212
MFC,A,D,Z,Init20,hmm164,TBVAL,5000,ROVAL,100,GRAMMARSCALE,0,INSWORD,0,-CORETEST,0,0,192,192,68.93,55.03,5069,617,1668,1022,7354
MFC,A,D,Z,Init20,hmm164,TBVAL,5000,ROVAL,100,GRAMMARSCALE,0,INSWORD,-4,-CORETEST,0,0,192,192,67.26,58.53,4946,780,1628,642,7354
MFC,A,D,Z,Init20,hmm164,TBVAL,5000,ROVAL,100,GRAMMARSCALE,0,INSWORD,-8,-CORETEST,0,0,192,192,66.09,60.46,4860,929,1565,414,7354
MFC,A,D,Z,Init20,hmm164,TBVAL,5000,ROVAL,100,GRAMMARSCALE,1,INSWORD,0,-CORETEST,0,0,192,192,69.53,61.04,5113,674,1567,624,7354
MFC,A,D,Z,Init20,hmm164,TBVAL,5000,ROVAL,100,GRAMMARSCALE,1,INSWORD,-4,-CORETEST,0,0,192,192,67.54,61.94,4967,872,1515,412,7354
MFC,A,D,Z,Init20,hmm164,TBVAL,5000,ROVAL,100,GRAMMARSCALE,1,INSWORD,-8,-CORETEST,0,0,192,192,66.37,62.66,4881,997,1476,273,7354
MFC,A,D,Z,Init20,hmm164,TBVAL,5000,ROVAL,100,GRAMMARSCALE,2,INSWORD,0,-CORETEST,0,0,192,192,71.12,64.92,5230,649,1475,456,7354
MFC,A,D,Z,Init20,hmm164,TBVAL,5000,ROVAL,100,GRAMMARSCALE,2,INSWORD,-4,-CORETEST,0,0,192,192,69.4,65.26,5104,809,1441,305,7354
MFC,A,D,Z,Init20,hmm164,TBVAL,5000,ROVAL,100,GRAMMARSCALE,2,INSWORD,-8,-CORETEST,0,0,192,192,67.62,64.73,4973,990,1391,213,7354
MFC,A,D,Z,Init20,hmm164,TBVAL,5000,ROVAL,100,GRAMMARSCALE,3,INSWORD,0,-CORETEST,0,0,192,192,71.27,66.74,5241,676,1437,333,7354
MFC,A,D,Z,Init20,hmm164,TBVAL,5000,ROVAL,100,GRAMMARSCALE,3,INSWORD,-4,-CORETEST,0,0,192,192,70.04,66.82,5151,807,1396,237,7354
MFC,A,D,Z,Init20,hmm164,TBVAL,5000,ROVAL,100,GRAMMARSCALE,3,INSWORD,-8,-CORETEST,0,0,192,192,68.51,66.13,5038,973,1343,175,7354
MFC,A,D,Z,Init20,hmm164,TBVAL,5000,ROVAL,100,GRAMMARSCALE,4,INSWORD,0,-CORETEST,0,0,192,192,71.35,67.69,5247,701,1406,269,7354
MFC,A,D,Z,Init20,hmm164,TBVAL,5000,ROVAL,100,GRAMMARSCALE,4,INSWORD,-4,-CORETEST,0,0,192,192,69.73,67.07,5128,858,1368,196,7354
MFC,A,D,Z,Init20,hmm164,TBVAL,5000,ROVAL,100,GRAMMARSCALE,4,INSWORD,-8,-CORETEST,0,0,192,192,68.37,66.32,5028,1009,1317,151,7354
MFC,A,D,Z,Init20,hmm164,TBVAL,5000,ROVAL,100,GRAMMARSCALE,5,INSWORD,0,-CORETEST,0,0,192,192,71.21,68.06,5237,735,1382,232,7354
MFC,A,D,Z,Init20,hmm164,TBVAL,5000,ROVAL,100,GRAMMARSCALE,5,INSWORD,-4,-CORETEST,0,0,192,192,69.57,67.2,5116,893,1345,174,7354
MFC,A,D,Z,Init20,hmm164,TBVAL,5000,ROVAL,100,GRAMMARSCALE,5,INSWORD,-8,-CORETEST,0,0,192,192,67.98,66.1,4999,1045,1310,138,7354
MFC,A,D,Z,Init20,hmm164,TBVAL,5000,ROVAL,100,GRAMMARSCALE,6,INSWORD,0,-CORETEST,0,0,192,192,70.34,67.54,5173,782,1399,206,7354
MFC,A,D,Z,Init20,hmm164,TBVAL,5000,ROVAL,100,GRAMMARSCALE,6,INSWORD,-4,-CORETEST,0,0,192,192,69.01,66.93,5075,932,1347,153,7354
MFC,A,D,Z,Init20,hmm164,TBVAL,5000,ROVAL,100,GRAMMARSCALE,6,INSWORD,-8,-CORETEST,0,0,192,192,67.36,65.72,4954,1088,1312,121,7354
MFC,A,D,Z,Init20,hmm164,TBVAL,5000,ROVAL,100,GRAMMARSCALE,7,INSWORD,0,-CORETEST,0,0,192,192,69.81,67.2,5134,836,1384,192,7354
MFC,A,D,Z,Init20,hmm164,TBVAL,5000,ROVAL,100,GRAMMARSCALE,7,INSWORD,-4,-CORETEST,0,0,192,192,68.34,66.34,5026,981,1347,147,7354
MFC,A,D,Z,Init20,hmm164,TBVAL,5000,ROVAL,100,GRAMMARSCALE,7,INSWORD,-8,-CORETEST,0,0,192,192,66.78,65.22,4911,1126,1317,115,7354
MFC,A,D,Z,Init20,hmm164,TBVAL,5000,ROVAL,100,GRAMMARSCALE,8,INSWORD,0,-CORETEST,0,0,192,192,69.06,66.71,5079,897,1378,173,7354
MFC,A,D,Z,Init20,hmm164,TBVAL,5000,ROVAL,100,GRAMMARSCALE,8,INSWORD,-4,-CORETEST,0,0,192,192,67.75,65.92,4982,1026,1346,134,7354
MFC,A,D,Z,Init20,hmm164,TBVAL,5000,ROVAL,100,GRAMMARSCALE,8,INSWORD,-8,-CORETEST,0,0,192,192,65.96,64.6,4851,1186,1317,100,7354
MFC,A,D,Z,Init20,hmm164,TBVAL,5000,ROVAL,100,GRAMMARSCALE,9,INSWORD,0,-CORETEST,0,0,192,192,67.98,65.76,4999,976,1379,163,7354
MFC,A,D,Z,Init20,hmm164,TBVAL,5000,ROVAL,100,GRAMMARSCALE,9,INSWORD,-4,-CORETEST,0,0,192,192,66.67,64.97,4903,1098,1353,125,7354
MFC,A,D,Z,Init20,hmm164,TBVAL,5000,ROVAL,100,GRAMMARSCALE,9,INSWORD,-8,-CORETEST,0,0,192,192,65.2,64.01,4795,1237,1322,88,7354
MFC,A,D,Z,Init20,hmm164,TBVAL,5000,ROVAL,100,GRAMMARSCALE,10,INSWORD,0,-CORETEST,0,0,192,192,67.08,65.09,4933,1033,1388,146,7354
MFC,A,D,Z,Init20,hmm164,TBVAL,5000,ROVAL,100,GRAMMARSCALE,10,INSWORD,-4,-CORETEST,0,0,192,192,65.83,64.35,4841,1159,1354,109,7354
MFC,A,D,Z,Init20,hmm164,TBVAL,5000,ROVAL,100,GRAMMARSCALE,10,INSWORD,-8,-CORETEST,0,0,192,192,64.4,63.26,4736,1312,1306,84,7354
MFC,A,D,Z,Init20,hmm164,TBVAL,5000,ROVAL,100,GRAMMARSCALE,11,INSWORD,0,-CORETEST,0,0,192,192,66.34,64.52,4879,1079,1396,134,7354
MFC,A,D,Z,Init20,hmm164,TBVAL,5000,ROVAL,100,GRAMMARSCALE,11,INSWORD,-4,-CORETEST,0,0,192,192,64.97,63.64,4778,1224,1352,98,7354
MFC,A,D,Z,Init20,hmm164,TBVAL,5000,ROVAL,100,GRAMMARSCALE,11,INSWORD,-8,-CORETEST,0,0,192,192,63.64,62.54,4680,1367,1307,81,7354
MFC,A,D,Z,Init20,hmm164,TBVAL,5000,ROVAL,100,GRAMMARSCALE,12,INSWORD,0,-CORETEST,0,0,192,192,65.56,63.92,4821,1143,1390,120,7354
MFC,A,D,Z,Init20,hmm164,TBVAL,5000,ROVAL,100,GRAMMARSCALE,12,INSWORD,-4,-CORETEST,0,0,192,192,64.03,62.81,4709,1294,1351,90,7354
MFC,A,D,Z,Init20,hmm164,TBVAL,5000,ROVAL,100,GRAMMARSCALE,12,INSWORD,-8,-CORETEST,0,0,192,192,62.82,61.76,4620,1435,1299,78,7354
MFC,A,D,Z,Init20,hmm164,TBVAL,5000,ROVAL,100,GRAMMARSCALE,13,INSWORD,0,-CORETEST,0,0,192,192,64.75,63.24,4762,1206,1386,111,7354
MFC,A,D,Z,Init20,hmm164,TBVAL,5000,ROVAL,100,GRAMMARSCALE,13,INSWORD,-4,-CORETEST,0,0,192,192,63.29,62.1,4654,1354,1346,87,7354
MFC,A,D,Z,Init20,hmm164,TBVAL,5000,ROVAL,100,GRAMMARSCALE,13,INSWORD,-8,-CORETEST,0,0,190,190,61.97,60.95,4506,1491,1274,74,7271
MFC,A,D,Z,Init20,hmm84,TBVAL,5000,ROVAL,100,GRAMMARSCALE,0,INSWORD,0,-SUBTRAIN,0,0,1168,1168,69.93,56.18,31814,3729,9952,6256,45495
MFC,A,D,Z,Init20,hmm84,TBVAL,5000,ROVAL,100,GRAMMARSCALE,0,INSWORD,-4,-SUBTRAIN,0,0,1168,1168,68.49,59.53,31158,4672,9665,4075,45495
MFC,A,D,Z,Init20,hmm84,TBVAL,5000,ROVAL,100,GRAMMARSCALE,0,INSWORD,-8,-SUBTRAIN,0,0,1168,1168,67.22,61.14,30583,5580,9332,2768,45495
MFC,A,D,Z,Init20,hmm84,TBVAL,5000,ROVAL,100,GRAMMARSCALE,1,INSWORD,0,-SUBTRAIN,0,0,1168,1168,70.47,61.55,32061,4156,9278,4058,45495
MFC,A,D,Z,Init20,hmm84,TBVAL,5000,ROVAL,100,GRAMMARSCALE,1,INSWORD,-4,-SUBTRAIN,0,0,1168,1168,68.65,62.62,31233,5222,9040,2744,45495
MFC,A,D,Z,Init20,hmm84,TBVAL,5000,ROVAL,100,GRAMMARSCALE,1,INSWORD,-8,-SUBTRAIN,0,0,1168,1168,67.17,62.95,30558,6144,8793,1920,45495
MFC,A,D,Z,Init20,hmm84,TBVAL,5000,ROVAL,100,GRAMMARSCALE,2,INSWORD,0,-SUBTRAIN,0,0,1168,1168,71.84,64.99,32683,4015,8797,3116,45495
MFC,A,D,Z,Init20,hmm84,TBVAL,5000,ROVAL,100,GRAMMARSCALE,2,INSWORD,-4,-SUBTRAIN,0,0,1168,1168,69.99,65.31,31844,5047,8604,2133,45495
MFC,A,D,Z,Init20,hmm84,TBVAL,5000,ROVAL,100,GRAMMARSCALE,2,INSWORD,-8,-SUBTRAIN,0,0,1168,1168,67.91,64.59,30897,6239,8359,1511,45495
MFC,A,D,Z,Init20,hmm84,TBVAL,5000,ROVAL,100,GRAMMARSCALE,3,INSWORD,0,-SUBTRAIN,0,0,1168,1168,72.06,66.69,32783,4248,8464,2442,45495
MFC,A,D,Z,Init20,hmm84,TBVAL,5000,ROVAL,100,GRAMMARSCALE,3,INSWORD,-4,-SUBTRAIN,0,0,1168,1168,70.36,66.51,32011,5229,8255,1753,45495
MFC,A,D,Z,Init20,hmm84,TBVAL,5000,ROVAL,100,GRAMMARSCALE,3,INSWORD,-8,-SUBTRAIN,0,0,1168,1168,68.88,65.94,31335,6122,8038,1337,45495
MFC,A,D,Z,Init20,hmm84,TBVAL,5000,ROVAL,100,GRAMMARSCALE,4,INSWORD,0,-SUBTRAIN,0,0,1168,1168,72.01,67.62,32759,4511,8225,1994,45495
MFC,A,D,Z,Init20,hmm84,TBVAL,5000,ROVAL,100,GRAMMARSCALE,4,INSWORD,-4,-SUBTRAIN,0,0,1168,1168,70.36,67.04,32010,5447,8038,1510,45495
MFC,A,D,Z,Init20,hmm84,TBVAL,5000,ROVAL,100,GRAMMARSCALE,4,INSWORD,-8,-SUBTRAIN,0,0,1168,1168,68.68,66.17,31246,6420,7829,1144,45495
MFC,A,D,Z,Init20,hmm84,TBVAL,5000,ROVAL,100,GRAMMARSCALE,5,INSWORD,0,-SUBTRAIN,0,0,1168,1168,71.69,67.92,32617,4778,8100,1717,45495
MFC,A,D,Z,Init20,hmm84,TBVAL,5000,ROVAL,100,GRAMMARSCALE,5,INSWORD,-4,-SUBTRAIN,0,0,1168,1168,70.16,67.25,31919,5688,7888,1325,45495
MFC,A,D,Z,Init20,hmm84,TBVAL,5000,ROVAL,100,GRAMMARSCALE,5,INSWORD,-8,-SUBTRAIN,0,0,1168,1168,68.55,66.26,31186,6630,7679,1042,45495
MFC,A,D,Z,Init20,hmm84,TBVAL,5000,ROVAL,100,GRAMMARSCALE,6,INSWORD,0,-SUBTRAIN,0,0,1168,1168,71.26,67.96,32420,5056,8019,1501,45495
MFC,A,D,Z,Init20,hmm84,TBVAL,5000,ROVAL,100,GRAMMARSCALE,6,INSWORD,-4,-SUBTRAIN,0,0,1168,1168,69.79,67.18,31752,5951,7792,1189,45495
MFC,A,D,Z,Init20,hmm84,TBVAL,5000,ROVAL,100,GRAMMARSCALE,6,INSWORD,-8,-SUBTRAIN,0,0,1168,1168,68.16,66.06,31011,6902,7582,956,45495
MFC,A,D,Z,Init20,hmm84,TBVAL,5000,ROVAL,100,GRAMMARSCALE,7,INSWORD,0,-SUBTRAIN,0,0,1168,1168,70.63,67.66,32135,5436,7924,1355,45495
MFC,A,D,Z,Init20,hmm84,TBVAL,5000,ROVAL,100,GRAMMARSCALE,7,INSWORD,-4,-SUBTRAIN,0,0,1168,1168,69.31,66.88,31531,6252,7712,1103,45495
MFC,A,D,Z,Init20,hmm84,TBVAL,5000,ROVAL,100,GRAMMARSCALE,7,INSWORD,-8,-SUBTRAIN,0,0,1165,1165,67.79,65.81,30771,7136,7482,901,45389
MFC,A,D,Z,Init20,hmm84,TBVAL,5000,ROVAL,100,GRAMMARSCALE,8,INSWORD,0,-SUBTRAIN,0,0,1168,1168,69.93,67.14,31813,5837,7845,1268,45495
MFC,A,D,Z,Init20,hmm84,TBVAL,5000,ROVAL,100,GRAMMARSCALE,8,INSWORD,-4,-SUBTRAIN,0,0,1167,1167,68.77,66.49,31259,6580,7617,1034,45456
MFC,A,D,Z,Init20,hmm84,TBVAL,5000,ROVAL,100,GRAMMARSCALE,8,INSWORD,-8,-SUBTRAIN,0,0,1165,1165,67.19,65.35,30496,7441,7452,835,45389
MFC,A,D,Z,Init20,hmm84,TBVAL,5000,ROVAL,100,GRAMMARSCALE,9,INSWORD,0,-SUBTRAIN,0,0,1167,1167,69.21,66.65,31460,6178,7818,1162,45456
MFC,A,D,Z,Init20,hmm84,TBVAL,5000,ROVAL,100,GRAMMARSCALE,9,INSWORD,-4,-SUBTRAIN,0,0,1165,1165,68.07,65.91,30896,6898,7595,978,45389
MFC,A,D,Z,Init20,hmm84,TBVAL,5000,ROVAL,100,GRAMMARSCALE,9,INSWORD,-8,-SUBTRAIN,0,0,1163,1163,66.47,64.74,30089,7772,7409,779,45270
MFC,A,D,Z,Init20,hmm84,TBVAL,5000,ROVAL,100,GRAMMARSCALE,10,INSWORD,0,-SUBTRAIN,0,0,1165,1165,68.42,66.01,31053,6547,7789,1093,45389
MFC,A,D,Z,Init20,hmm84,TBVAL,5000,ROVAL,100,GRAMMARSCALE,10,INSWORD,-4,-SUBTRAIN,0,0,1165,1165,67.13,65.16,30471,7289,7629,897,45389
MFC,A,D,Z,Init20,hmm84,TBVAL,5000,ROVAL,100,GRAMMARSCALE,10,INSWORD,-8,-SUBTRAIN,0,0,1160,1160,65.66,64.07,29604,8077,7409,715,45090
MFC,A,D,Z,Init20,hmm84,TBVAL,5000,ROVAL,100,GRAMMARSCALE,11,INSWORD,0,-SUBTRAIN,0,0,1165,1165,67.44,65.18,30611,6917,7861,1028,45389
MFC,A,D,Z,Init20,hmm84,TBVAL,5000,ROVAL,100,GRAMMARSCALE,11,INSWORD,-4,-SUBTRAIN,0,0,1160,1160,66.23,64.37,29865,7637,7588,839,45090
MFC,A,D,Z,Init20,hmm84,TBVAL,5000,ROVAL,100,GRAMMARSCALE,11,INSWORD,-8,-SUBTRAIN,0,0,1160,1160,64.78,63.25,29210,8463,7417,691,45090
MFC,A,D,Z,Init20,hmm84,TBVAL,5000,ROVAL,100,GRAMMARSCALE,12,INSWORD,0,-SUBTRAIN,0,0,1163,1163,66.54,64.44,30138,7321,7833,953,45292
MFC,A,D,Z,Init20,hmm84,TBVAL,5000,ROVAL,100,GRAMMARSCALE,12,INSWORD,-4,-SUBTRAIN,0,0,1160,1160,65.24,63.51,29417,8048,7625,779,45090
MFC,A,D,Z,Init20,hmm84,TBVAL,5000,ROVAL,100,GRAMMARSCALE,12,INSWORD,-8,-SUBTRAIN,0,0,1159,1159,63.86,62.39,28764,8870,7409,660,45043
MFC,A,D,Z,Init20,hmm84,TBVAL,5000,ROVAL,100,GRAMMARSCALE,13,INSWORD,0,-SUBTRAIN,0,0,1161,1161,65.62,63.64,29629,7677,7849,893,45155
MFC,A,D,Z,Init20,hmm84,TBVAL,5000,ROVAL,100,GRAMMARSCALE,13,INSWORD,-4,-SUBTRAIN,0,0,1160,1160,64.38,62.73,29027,8453,7610,742,45090
MFC,A,D,Z,Init20,hmm84,TBVAL,5000,ROVAL,100,GRAMMARSCALE,13,INSWORD,-8,-SUBTRAIN,0,0,1156,1156,63,61.59,28287,9253,7358,635,44898
MFC,A,D,Z,Init20,hmm164,TBVAL,5000,ROVAL,100,GRAMMARSCALE,0,INSWORD,0,-SUBTRAIN,0,0,1168,1168,73.56,61.35,33467,3646,8382,5556,45495
MFC,A,D,Z,Init20,hmm164,TBVAL,5000,ROVAL,100,GRAMMARSCALE,0,INSWORD,-4,-SUBTRAIN,0,0,1168,1168,72.24,64.46,32864,4486,8145,3537,45495
MFC,A,D,Z,Init20,hmm164,TBVAL,5000,ROVAL,100,GRAMMARSCALE,0,INSWORD,-8,-SUBTRAIN,0,0,1168,1168,70.98,65.96,32293,5312,7890,2283,45495
MFC,A,D,Z,Init20,hmm164,TBVAL,5000,ROVAL,100,GRAMMARSCALE,1,INSWORD,0,-SUBTRAIN,0,0,1168,1168,74.43,66.5,33864,3813,7818,3611,45495
MFC,A,D,Z,Init20,hmm164,TBVAL,5000,ROVAL,100,GRAMMARSCALE,1,INSWORD,-4,-SUBTRAIN,0,0,1168,1168,72.56,67.51,33009,4876,7610,2295,45495
MFC,A,D,Z,Init20,hmm164,TBVAL,5000,ROVAL,100,GRAMMARSCALE,1,INSWORD,-8,-SUBTRAIN,0,0,1168,1168,71.04,67.66,32320,5794,7381,1539,45495
MFC,A,D,Z,Init20,hmm164,TBVAL,5000,ROVAL,100,GRAMMARSCALE,2,INSWORD,0,-SUBTRAIN,0,0,1168,1168,75.62,69.81,34402,3708,7385,2644,45495
MFC,A,D,Z,Init20,hmm164,TBVAL,5000,ROVAL,100,GRAMMARSCALE,2,INSWORD,-4,-SUBTRAIN,0,0,1168,1168,73.9,70.06,33621,4696,7178,1747,45495
MFC,A,D,Z,Init20,hmm164,TBVAL,5000,ROVAL,100,GRAMMARSCALE,2,INSWORD,-8,-SUBTRAIN,0,0,1168,1168,72.04,69.33,32774,5717,7004,1231,45495
MFC,A,D,Z,Init20,hmm164,TBVAL,5000,ROVAL,100,GRAMMARSCALE,3,INSWORD,0,-SUBTRAIN,0,0,1168,1168,75.83,71.35,34497,3842,7156,2035,45495
MFC,A,D,Z,Init20,hmm164,TBVAL,5000,ROVAL,100,GRAMMARSCALE,3,INSWORD,-4,-SUBTRAIN,0,0,1168,1168,74.18,71.09,33746,4766,6983,1404,45495
MFC,A,D,Z,Init20,hmm164,TBVAL,5000,ROVAL,100,GRAMMARSCALE,3,INSWORD,-8,-SUBTRAIN,0,0,1168,1168,72.63,70.35,33043,5629,6823,1039,45495
MFC,A,D,Z,Init20,hmm164,TBVAL,5000,ROVAL,100,GRAMMARSCALE,4,INSWORD,0,-SUBTRAIN,0,0,1168,1168,75.7,72.05,34438,4072,6985,1660,45495
MFC,A,D,Z,Init20,hmm164,TBVAL,5000,ROVAL,100,GRAMMARSCALE,4,INSWORD,-4,-SUBTRAIN,0,0,1168,1168,74.07,71.46,33699,4979,6817,1189,45495
MFC,A,D,Z,Init20,hmm164,TBVAL,5000,ROVAL,100,GRAMMARSCALE,4,INSWORD,-8,-SUBTRAIN,0,0,1168,1168,72.45,70.46,32962,5873,6660,907,45495
MFC,A,D,Z,Init20,hmm164,TBVAL,5000,ROVAL,100,GRAMMARSCALE,5,INSWORD,0,-SUBTRAIN,0,0,1168,1168,75.33,72.24,34271,4344,6880,1407,45495
MFC,A,D,Z,Init20,hmm164,TBVAL,5000,ROVAL,100,GRAMMARSCALE,5,INSWORD,-4,-SUBTRAIN,0,0,1168,1168,73.82,71.48,33586,5187,6722,1067,45495
MFC,A,D,Z,Init20,hmm164,TBVAL,5000,ROVAL,100,GRAMMARSCALE,5,INSWORD,-8,-SUBTRAIN,0,0,1168,1168,72.25,70.46,32872,6053,6570,817,45495
MFC,A,D,Z,Init20,hmm164,TBVAL,5000,ROVAL,100,GRAMMARSCALE,6,INSWORD,0,-SUBTRAIN,0,0,1168,1168,74.8,72.1,34029,4612,6854,1229,45495
MFC,A,D,Z,Init20,hmm164,TBVAL,5000,ROVAL,100,GRAMMARSCALE,6,INSWORD,-4,-SUBTRAIN,0,0,1168,1168,73.47,71.37,33427,5393,6675,957,45495
MFC,A,D,Z,Init20,hmm164,TBVAL,5000,ROVAL,100,GRAMMARSCALE,6,INSWORD,-8,-SUBTRAIN,0,0,1168,1168,71.9,70.3,32711,6257,6527,730,45495
MFC,A,D,Z,Init20,hmm164,TBVAL,5000,ROVAL,100,GRAMMARSCALE,7,INSWORD,0,-SUBTRAIN,0,0,1168,1168,74.12,71.65,33720,4934,6841,1123,45495
MFC,A,D,Z,Init20,hmm164,TBVAL,5000,ROVAL,100,GRAMMARSCALE,7,INSWORD,-4,-SUBTRAIN,0,0,1168,1168,72.82,70.92,33128,5703,6664,861,45495
MFC,A,D,Z,Init20,hmm164,TBVAL,5000,ROVAL,100,GRAMMARSCALE,7,INSWORD,-8,-SUBTRAIN,0,0,1167,1167,71.32,69.85,32414,6498,6537,667,45449
MFC,A,D,Z,Init20,hmm164,TBVAL,5000,ROVAL,100,GRAMMARSCALE,8,INSWORD,0,-SUBTRAIN,0,0,1168,1168,73.36,71.09,33376,5293,6826,1033,45495
MFC,A,D,Z,Init20,hmm164,TBVAL,5000,ROVAL,100,GRAMMARSCALE,8,INSWORD,-4,-SUBTRAIN,0,0,1168,1168,72.17,70.37,32833,5988,6674,818,45495
MFC,A,D,Z,Init20,hmm164,TBVAL,5000,ROVAL,100,GRAMMARSCALE,8,INSWORD,-8,-SUBTRAIN,0,0,1166,1166,70.62,69.21,32068,6830,6512,640,45410
MFC,A,D,Z,Init20,hmm164,TBVAL,5000,ROVAL,100,GRAMMARSCALE,9,INSWORD,0,-SUBTRAIN,0,0,1167,1167,72.61,70.55,32999,5604,6846,934,45449
MFC,A,D,Z,Init20,hmm164,TBVAL,5000,ROVAL,100,GRAMMARSCALE,9,INSWORD,-4,-SUBTRAIN,0,0,1166,1166,71.37,69.71,32411,6312,6687,754,45410
MFC,A,D,Z,Init20,hmm164,TBVAL,5000,ROVAL,100,GRAMMARSCALE,9,INSWORD,-8,-SUBTRAIN,0,0,1166,1166,69.9,68.58,31741,7132,6537,598,45410
MFC,A,D,Z,Init20,hmm164,TBVAL,5000,ROVAL,100,GRAMMARSCALE,10,INSWORD,0,-SUBTRAIN,0,0,1167,1167,71.74,69.81,32605,5950,6894,879,45449
MFC,A,D,Z,Init20,hmm164,TBVAL,5000,ROVAL,100,GRAMMARSCALE,10,INSWORD,-4,-SUBTRAIN,0,0,1166,1166,70.45,68.92,31991,6697,6722,695,45410
MFC,A,D,Z,Init20,hmm164,TBVAL,5000,ROVAL,100,GRAMMARSCALE,10,INSWORD,-8,-SUBTRAIN,0,0,1162,1162,69.02,67.79,31201,7459,6546,557,45206
MFC,A,D,Z,Init20,hmm164,TBVAL,5000,ROVAL,100,GRAMMARSCALE,11,INSWORD,0,-SUBTRAIN,0,0,1166,1166,70.88,69.07,32185,6325,6900,821,45410
MFC,A,D,Z,Init20,hmm164,TBVAL,5000,ROVAL,100,GRAMMARSCALE,11,INSWORD,-4,-SUBTRAIN,0,0,1163,1163,69.56,68.1,31492,7050,6729,664,45271
MFC,A,D,Z,Init20,hmm164,TBVAL,5000,ROVAL,100,GRAMMARSCALE,11,INSWORD,-8,-SUBTRAIN,0,0,1161,1161,68.12,66.97,30748,7881,6508,520,45137
MFC,A,D,Z,Init20,hmm164,TBVAL,5000,ROVAL,100,GRAMMARSCALE,12,INSWORD,0,-SUBTRAIN,0,0,1163,1163,69.88,68.19,31637,6736,6898,767,45271
MFC,A,D,Z,Init20,hmm164,TBVAL,5000,ROVAL,100,GRAMMARSCALE,12,INSWORD,-4,-SUBTRAIN,0,0,1162,1162,68.66,67.29,31040,7452,6714,620,45206
MFC,A,D,Z,Init20,hmm164,TBVAL,5000,ROVAL,100,GRAMMARSCALE,12,INSWORD,-8,-SUBTRAIN,0,0,1161,1161,67.27,66.19,30362,8259,6516,487,45137
MFC,A,D,Z,Init20,hmm164,TBVAL,5000,ROVAL,100,GRAMMARSCALE,13,INSWORD,0,-SUBTRAIN,0,0,1163,1163,68.95,67.37,31213,7114,6944,714,45271
MFC,A,D,Z,Init20,hmm164,TBVAL,5000,ROVAL,100,GRAMMARSCALE,13,INSWORD,-4,-SUBTRAIN,0,0,1162,1162,67.76,66.46,30633,7835,6738,590,45206
MFC,A,D,Z,Init20,hmm164,TBVAL,5000,ROVAL,100,GRAMMARSCALE,13,INSWORD,-8,-SUBTRAIN,0,0,1160,1160,66.17,65.13,29835,8704,6551,467,45090
FBK,A,D,Z,Init20,hmm84,TBVAL,5000,ROVAL,100,GRAMMARSCALE,0,INSWORD,0,-CORETEST,0,0,192,192,63.35,45.06,4659,541,2154,1345,7354
FBK,A,D,Z,Init20,hmm84,TBVAL,5000,ROVAL,100,GRAMMARSCALE,0,INSWORD,-4,-CORETEST,0,0,192,192,62.56,46.55,4601,598,2155,1178,7354
FBK,A,D,Z,Init20,hmm84,TBVAL,5000,ROVAL,100,GRAMMARSCALE,0,INSWORD,-8,-CORETEST,0,0,192,192,61.95,48.03,4556,653,2145,1024,7354
FBK,A,D,Z,Init20,hmm84,TBVAL,5000,ROVAL,100,GRAMMARSCALE,1,INSWORD,0,-CORETEST,0,0,192,192,63.63,47.89,4679,571,2104,1157,7354
FBK,A,D,Z,Init20,hmm84,TBVAL,5000,ROVAL,100,GRAMMARSCALE,1,INSWORD,-4,-CORETEST,0,0,192,192,62.85,48.95,4622,622,2110,1022,7354
FBK,A,D,Z,Init20,hmm84,TBVAL,5000,ROVAL,100,GRAMMARSCALE,1,INSWORD,-8,-CORETEST,0,0,192,192,62.12,49.97,4568,685,2101,893,7354
FBK,A,D,Z,Init20,hmm84,TBVAL,5000,ROVAL,100,GRAMMARSCALE,2,INSWORD,0,-CORETEST,0,0,192,192,64.09,50.1,4713,578,2063,1029,7354
FBK,A,D,Z,Init20,hmm84,TBVAL,5000,ROVAL,100,GRAMMARSCALE,2,INSWORD,-4,-CORETEST,0,0,192,192,63.46,51.12,4667,626,2061,908,7354
FBK,A,D,Z,Init20,hmm84,TBVAL,5000,ROVAL,100,GRAMMARSCALE,2,INSWORD,-8,-CORETEST,0,0,192,192,62.73,51.92,4613,698,2043,795,7354
FBK,A,D,Z,Init20,hmm84,TBVAL,5000,ROVAL,100,GRAMMARSCALE,3,INSWORD,0,-CORETEST,0,0,192,192,64.82,52.09,4767,572,2015,936,7354
FBK,A,D,Z,Init20,hmm84,TBVAL,5000,ROVAL,100,GRAMMARSCALE,3,INSWORD,-4,-CORETEST,0,0,192,192,64.05,53.11,4710,626,2018,804,7354
FBK,A,D,Z,Init20,hmm84,TBVAL,5000,ROVAL,100,GRAMMARSCALE,3,INSWORD,-8,-CORETEST,0,0,192,192,63.35,53.59,4659,693,2002,718,7354
FBK,A,D,Z,Init20,hmm84,TBVAL,5000,ROVAL,100,GRAMMARSCALE,4,INSWORD,0,-CORETEST,0,0,192,192,64.93,53.71,4775,576,2003,825,7354
FBK,A,D,Z,Init20,hmm84,TBVAL,5000,ROVAL,100,GRAMMARSCALE,4,INSWORD,-4,-CORETEST,0,0,192,192,64.39,54.41,4735,638,1981,734,7354
FBK,A,D,Z,Init20,hmm84,TBVAL,5000,ROVAL,100,GRAMMARSCALE,4,INSWORD,-8,-CORETEST,0,0,192,192,64.01,55.13,4707,684,1963,653,7354
FBK,A,D,Z,Init20,hmm84,TBVAL,5000,ROVAL,100,GRAMMARSCALE,5,INSWORD,0,-CORETEST,0,0,192,192,64.93,54.84,4775,603,1976,742,7354
FBK,A,D,Z,Init20,hmm84,TBVAL,5000,ROVAL,100,GRAMMARSCALE,5,INSWORD,-4,-CORETEST,0,0,192,192,64.36,55.36,4733,650,1971,662,7354
FBK,A,D,Z,Init20,hmm84,TBVAL,5000,ROVAL,100,GRAMMARSCALE,5,INSWORD,-8,-CORETEST,0,0,192,192,63.92,55.71,4701,704,1949,604,7354
FBK,A,D,Z,Init20,hmm84,TBVAL,5000,ROVAL,100,GRAMMARSCALE,6,INSWORD,0,-CORETEST,0,0,192,192,64.93,55.79,4775,620,1959,672,7354
FBK,A,D,Z,Init20,hmm84,TBVAL,5000,ROVAL,100,GRAMMARSCALE,6,INSWORD,-4,-CORETEST,0,0,192,192,64.4,56.11,4736,672,1946,610,7354
FBK,A,D,Z,Init20,hmm84,TBVAL,5000,ROVAL,100,GRAMMARSCALE,6,INSWORD,-8,-CORETEST,0,0,192,192,63.9,56.42,4699,723,1932,550,7354
FBK,A,D,Z,Init20,hmm84,TBVAL,5000,ROVAL,100,GRAMMARSCALE,7,INSWORD,0,-CORETEST,0,0,192,192,65.16,56.65,4792,626,1936,626,7354
FBK,A,D,Z,Init20,hmm84,TBVAL,5000,ROVAL,100,GRAMMARSCALE,7,INSWORD,-4,-CORETEST,0,0,192,192,64.59,56.77,4750,682,1922,575,7354
FBK,A,D,Z,Init20,hmm84,TBVAL,5000,ROVAL,100,GRAMMARSCALE,7,INSWORD,-8,-CORETEST,0,0,190,190,64.12,57.09,4665,736,1874,512,7275
FBK,A,D,Z,Init20,hmm84,TBVAL,5000,ROVAL,100,GRAMMARSCALE,8,INSWORD,0,-CORETEST,0,0,192,192,65.2,57.33,4795,649,1910,579,7354
FBK,A,D,Z,Init20,hmm84,TBVAL,5000,ROVAL,100,GRAMMARSCALE,8,INSWORD,-4,-CORETEST,0,0,190,190,64.74,57.53,4710,690,1875,525,7275
FBK,A,D,Z,Init20,hmm84,TBVAL,5000,ROVAL,100,GRAMMARSCALE,8,INSWORD,-8,-CORETEST,0,0,190,190,64.18,57.65,4669,751,1855,475,7275
FBK,A,D,Z,Init20,hmm84,TBVAL,5000,ROVAL,100,GRAMMARSCALE,9,INSWORD,0,-CORETEST,0,0,191,191,65.17,57.71,4768,665,1883,546,7316
FBK,A,D,Z,Init20,hmm84,TBVAL,5000,ROVAL,100,GRAMMARSCALE,9,INSWORD,-4,-CORETEST,0,0,190,190,64.78,58.05,4713,712,1850,490,7275
FBK,A,D,Z,Init20,hmm84,TBVAL,5000,ROVAL,100,GRAMMARSCALE,9,INSWORD,-8,-CORETEST,0,0,190,190,64.16,58.06,4668,780,1827,444,7275
FBK,A,D,Z,Init20,hmm84,TBVAL,5000,ROVAL,100,GRAMMARSCALE,10,INSWORD,0,-CORETEST,0,0,190,190,65.03,58.13,4731,679,1865,502,7275
FBK,A,D,Z,Init20,hmm84,TBVAL,5000,ROVAL,100,GRAMMARSCALE,10,INSWORD,-4,-CORETEST,0,0,190,190,64.63,58.35,4702,735,1838,457,7275
FBK,A,D,Z,Init20,hmm84,TBVAL,5000,ROVAL,100,GRAMMARSCALE,10,INSWORD,-8,-CORETEST,0,0,189,189,64.17,58.34,4642,789,1803,422,7234
FBK,A,D,Z,Init20,hmm84,TBVAL,5000,ROVAL,100,GRAMMARSCALE,11,INSWORD,0,-CORETEST,0,0,190,190,64.95,58.56,4725,698,1852,465,7275
FBK,A,D,Z,Init20,hmm84,TBVAL,5000,ROVAL,100,GRAMMARSCALE,11,INSWORD,-4,-CORETEST,0,0,190,190,64.55,58.68,4696,753,1826,427,7275
FBK,A,D,Z,Init20,hmm84,TBVAL,5000,ROVAL,100,GRAMMARSCALE,11,INSWORD,-8,-CORETEST,0,0,189,189,63.35,57.85,4583,881,1770,398,7234
FBK,A,D,Z,Init20,hmm84,TBVAL,5000,ROVAL,100,GRAMMARSCALE,12,INSWORD,0,-CORETEST,0,0,190,190,64.04,57.98,4659,816,1800,441,7275
FBK,A,D,Z,Init20,hmm84,TBVAL,5000,ROVAL,100,GRAMMARSCALE,12,INSWORD,-4,-CORETEST,0,0,190,190,63.53,58.09,4622,878,1775,396,7275
FBK,A,D,Z,Init20,hmm84,TBVAL,5000,ROVAL,100,GRAMMARSCALE,12,INSWORD,-8,-CORETEST,0,0,189,189,63.02,57.88,4559,935,1740,372,7234
FBK,A,D,Z,Init20,hmm84,TBVAL,5000,ROVAL,100,GRAMMARSCALE,13,INSWORD,0,-CORETEST,0,0,190,190,63.89,58.25,4648,849,1778,410,7275
FBK,A,D,Z,Init20,hmm84,TBVAL,5000,ROVAL,100,GRAMMARSCALE,13,INSWORD,-4,-CORETEST,0,0,190,190,63.35,58.16,4609,893,1773,378,7275
FBK,A,D,Z,Init20,hmm84,TBVAL,5000,ROVAL,100,GRAMMARSCALE,13,INSWORD,-8,-CORETEST,0,0,188,188,62.43,57.65,4498,976,1731,344,7205
FBK,A,D,Z,Init20,hmm164,TBVAL,5000,ROVAL,100,GRAMMARSCALE,0,INSWORD,0,-CORETEST,0,0,192,192,65.87,48.9,4844,542,1968,1248,7354
FBK,A,D,Z,Init20,hmm164,TBVAL,5000,ROVAL,100,GRAMMARSCALE,0,INSWORD,-4,-CORETEST,0,0,192,192,65.22,50.5,4796,599,1959,1082,7354
FBK,A,D,Z,Init20,hmm164,TBVAL,5000,ROVAL,100,GRAMMARSCALE,0,INSWORD,-8,-CORETEST,0,0,192,192,64.92,51.93,4774,634,1946,955,7354
FBK,A,D,Z,Init20,hmm164,TBVAL,5000,ROVAL,100,GRAMMARSCALE,1,INSWORD,0,-CORETEST,0,0,192,192,66.54,51.82,4893,545,1916,1082,7354
FBK,A,D,Z,Init20,hmm164,TBVAL,5000,ROVAL,100,GRAMMARSCALE,1,INSWORD,-4,-CORETEST,0,0,192,192,65.6,52.75,4824,608,1922,945,7354
FBK,A,D,Z,Init20,hmm164,TBVAL,5000,ROVAL,100,GRAMMARSCALE,1,INSWORD,-8,-CORETEST,0,0,192,192,65.08,54.01,4786,672,1896,814,7354
FBK,A,D,Z,Init20,hmm164,TBVAL,5000,ROVAL,100,GRAMMARSCALE,2,INSWORD,0,-CORETEST,0,0,192,192,66.75,53.85,4909,555,1890,949,7354
FBK,A,D,Z,Init20,hmm164,TBVAL,5000,ROVAL,100,GRAMMARSCALE,2,INSWORD,-4,-CORETEST,0,0,192,192,66.14,54.8,4864,612,1878,834,7354
FBK,A,D,Z,Init20,hmm164,TBVAL,5000,ROVAL,100,GRAMMARSCALE,2,INSWORD,-8,-CORETEST,0,0,192,192,65.38,55.6,4808,683,1863,719,7354
FBK,A,D,Z,Init20,hmm164,TBVAL,5000,ROVAL,100,GRAMMARSCALE,3,INSWORD,0,-CORETEST,0,0,192,192,67.19,55.4,4941,562,1851,867,7354
FBK,A,D,Z,Init20,hmm164,TBVAL,5000,ROVAL,100,GRAMMARSCALE,3,INSWORD,-4,-CORETEST,0,0,192,192,66.51,56.36,4891,631,1832,746,7354
FBK,A,D,Z,Init20,hmm164,TBVAL,5000,ROVAL,100,GRAMMARSCALE,3,INSWORD,-8,-CORETEST,0,0,192,192,65.8,56.83,4839,692,1823,660,7354
FBK,A,D,Z,Init20,hmm164,TBVAL,5000,ROVAL,100,GRAMMARSCALE,4,INSWORD,0,-CORETEST,0,0,192,192,67.64,57.03,4974,583,1797,780,7354
FBK,A,D,Z,Init20,hmm164,TBVAL,5000,ROVAL,100,GRAMMARSCALE,4,INSWORD,-4,-CORETEST,0,0,192,192,67.02,57.68,4929,634,1791,687,7354
FBK,A,D,Z,Init20,hmm164,TBVAL,5000,ROVAL,100,GRAMMARSCALE,4,INSWORD,-8,-CORETEST,0,0,192,192,66.13,58.09,4863,697,1794,591,7354
FBK,A,D,Z,Init20,hmm164,TBVAL,5000,ROVAL,100,GRAMMARSCALE,5,INSWORD,0,-CORETEST,0,0,192,192,67.95,58.19,4997,587,1770,718,7354
FBK,A,D,Z,Init20,hmm164,TBVAL,5000,ROVAL,100,GRAMMARSCALE,5,INSWORD,-4,-CORETEST,0,0,192,192,67.26,58.92,4946,633,1775,613,7354
FBK,A,D,Z,Init20,hmm164,TBVAL,5000,ROVAL,100,GRAMMARSCALE,5,INSWORD,-8,-CORETEST,0,0,192,192,66.45,59.02,4887,692,1775,547,7354
FBK,A,D,Z,Init20,hmm164,TBVAL,5000,ROVAL,100,GRAMMARSCALE,6,INSWORD,0,-CORETEST,0,0,192,192,67.72,59.11,4980,604,1770,633,7354
FBK,A,D,Z,Init20,hmm164,TBVAL,5000,ROVAL,100,GRAMMARSCALE,6,INSWORD,-4,-CORETEST,0,0,191,191,67.18,59.47,4913,651,1749,564,7313
FBK,A,D,Z,Init20,hmm164,TBVAL,5000,ROVAL,100,GRAMMARSCALE,6,INSWORD,-8,-CORETEST,0,0,191,191,66.73,59.76,4880,701,1732,510,7313
FBK,A,D,Z,Init20,hmm164,TBVAL,5000,ROVAL,100,GRAMMARSCALE,7,INSWORD,0,-CORETEST,0,0,192,192,68.02,59.89,5002,616,1736,598,7354
FBK,A,D,Z,Init20,hmm164,TBVAL,5000,ROVAL,100,GRAMMARSCALE,7,INSWORD,-4,-CORETEST,0,0,191,191,67.43,60.18,4931,661,1721,530,7313
FBK,A,D,Z,Init20,hmm164,TBVAL,5000,ROVAL,100,GRAMMARSCALE,7,INSWORD,-8,-CORETEST,0,0,190,190,66.89,60.33,4866,713,1696,477,7275
FBK,A,D,Z,Init20,hmm164,TBVAL,5000,ROVAL,100,GRAMMARSCALE,8,INSWORD,0,-CORETEST,0,0,192,192,68.03,60.66,5003,615,1736,542,7354
FBK,A,D,Z,Init20,hmm164,TBVAL,5000,ROVAL,100,GRAMMARSCALE,8,INSWORD,-4,-CORETEST,0,0,190,190,67.52,60.96,4912,665,1698,477,7275
FBK,A,D,Z,Init20,hmm164,TBVAL,5000,ROVAL,100,GRAMMARSCALE,8,INSWORD,-8,-CORETEST,0,0,190,190,67.16,61.17,4886,718,1671,436,7275
FBK,A,D,Z,Init20,hmm164,TBVAL,5000,ROVAL,100,GRAMMARSCALE,9,INSWORD,0,-CORETEST,0,0,191,191,68.37,61.47,5002,629,1685,505,7316
FBK,A,D,Z,Init20,hmm164,TBVAL,5000,ROVAL,100,GRAMMARSCALE,9,INSWORD,-4,-CORETEST,0,0,190,190,67.75,61.51,4929,674,1672,454,7275
FBK,A,D,Z,Init20,hmm164,TBVAL,5000,ROVAL,100,GRAMMARSCALE,9,INSWORD,-8,-CORETEST,0,0,190,190,67.27,61.5,4894,740,1641,420,7275
FBK,A,D,Z,Init20,hmm164,TBVAL,5000,ROVAL,100,GRAMMARSCALE,10,INSWORD,0,-CORETEST,0,0,191,191,68.15,61.74,4986,655,1675,469,7316
FBK,A,D,Z,Init20,hmm164,TBVAL,5000,ROVAL,100,GRAMMARSCALE,10,INSWORD,-4,-CORETEST,0,0,190,190,67.75,61.95,4929,694,1652,422,7275
FBK,A,D,Z,Init20,hmm164,TBVAL,5000,ROVAL,100,GRAMMARSCALE,10,INSWORD,-8,-CORETEST,0,0,189,189,67.2,61.74,4861,751,1622,395,7234
FBK,A,D,Z,Init20,hmm164,TBVAL,5000,ROVAL,100,GRAMMARSCALE,11,INSWORD,0,-CORETEST,0,0,190,190,67.99,61.97,4946,666,1663,438,7275
FBK,A,D,Z,Init20,hmm164,TBVAL,5000,ROVAL,100,GRAMMARSCALE,11,INSWORD,-4,-CORETEST,0,0,190,190,67.49,61.95,4910,723,1642,403,7275
FBK,A,D,Z,Init20,hmm164,TBVAL,5000,ROVAL,100,GRAMMARSCALE,11,INSWORD,-8,-CORETEST,0,0,188,188,66.19,60.98,4753,841,1587,374,7181
FBK,A,D,Z,Init20,hmm164,TBVAL,5000,ROVAL,100,GRAMMARSCALE,12,INSWORD,0,-CORETEST,0,0,190,190,66.93,61.31,4869,770,1636,409,7275
FBK,A,D,Z,Init20,hmm164,TBVAL,5000,ROVAL,100,GRAMMARSCALE,12,INSWORD,-4,-CORETEST,0,0,190,190,66.53,61.32,4840,819,1616,379,7275
FBK,A,D,Z,Init20,hmm164,TBVAL,5000,ROVAL,100,GRAMMARSCALE,12,INSWORD,-8,-CORETEST,0,0,187,187,65.86,61.04,4699,850,1586,344,7135
FBK,A,D,Z,Init20,hmm164,TBVAL,5000,ROVAL,100,GRAMMARSCALE,13,INSWORD,0,-CORETEST,0,0,190,190,66.93,61.57,4869,785,1621,390,7275
FBK,A,D,Z,Init20,hmm164,TBVAL,5000,ROVAL,100,GRAMMARSCALE,13,INSWORD,-4,-CORETEST,0,0,188,188,66.16,61.3,4748,830,1598,349,7176
FBK,A,D,Z,Init20,hmm164,TBVAL,5000,ROVAL,100,GRAMMARSCALE,13,INSWORD,-8,-CORETEST,0,0,187,187,65.52,61.01,4675,892,1568,322,7135
FBK,A,D,Z,Init20,hmm84,TBVAL,5000,ROVAL,100,GRAMMARSCALE,0,INSWORD,0,-SUBTRAIN,0,0,1167,1167,65.43,46.72,29721,3254,12451,8499,45426
FBK,A,D,Z,Init20,hmm84,TBVAL,5000,ROVAL,100,GRAMMARSCALE,0,INSWORD,-4,-SUBTRAIN,0,0,1167,1167,64.8,48.43,29437,3604,12385,7439,45426
FBK,A,D,Z,Init20,hmm84,TBVAL,5000,ROVAL,100,GRAMMARSCALE,0,INSWORD,-8,-SUBTRAIN,0,0,1167,1167,64.31,49.84,29215,3942,12269,6573,45426
FBK,A,D,Z,Init20,hmm84,TBVAL,5000,ROVAL,100,GRAMMARSCALE,1,INSWORD,0,-SUBTRAIN,0,0,1167,1167,65.89,49.62,29929,3371,12126,7390,45426
FBK,A,D,Z,Init20,hmm84,TBVAL,5000,ROVAL,100,GRAMMARSCALE,1,INSWORD,-4,-SUBTRAIN,0,0,1167,1167,65.2,50.87,29617,3757,12052,6508,45426
FBK,A,D,Z,Init20,hmm84,TBVAL,5000,ROVAL,100,GRAMMARSCALE,1,INSWORD,-8,-SUBTRAIN,0,0,1166,1166,64.71,51.94,29371,4105,11912,5798,45388
FBK,A,D,Z,Init20,hmm84,TBVAL,5000,ROVAL,100,GRAMMARSCALE,2,INSWORD,0,-SUBTRAIN,0,0,1167,1167,66.48,51.99,30201,3415,11810,6582,45426
FBK,A,D,Z,Init20,hmm84,TBVAL,5000,ROVAL,100,GRAMMARSCALE,2,INSWORD,-4,-SUBTRAIN,0,0,1167,1167,65.79,52.92,29888,3822,11716,5848,45426
FBK,A,D,Z,Init20,hmm84,TBVAL,5000,ROVAL,100,GRAMMARSCALE,2,INSWORD,-8,-SUBTRAIN,0,0,1165,1165,65.13,53.69,29519,4186,11615,5186,45320
FBK,A,D,Z,Init20,hmm84,TBVAL,5000,ROVAL,100,GRAMMARSCALE,3,INSWORD,0,-SUBTRAIN,0,0,1167,1167,66.97,53.85,30420,3442,11564,5956,45426
FBK,A,D,Z,Init20,hmm84,TBVAL,5000,ROVAL,100,GRAMMARSCALE,3,INSWORD,-4,-SUBTRAIN,0,0,1166,1166,66.37,54.67,30106,3824,11428,5308,45358
FBK,A,D,Z,Init20,hmm84,TBVAL,5000,ROVAL,100,GRAMMARSCALE,3,INSWORD,-8,-SUBTRAIN,0,0,1165,1165,65.77,55.35,29808,4180,11332,4724,45320
FBK,A,D,Z,Init20,hmm84,TBVAL,5000,ROVAL,100,GRAMMARSCALE,4,INSWORD,0,-SUBTRAIN,0,0,1166,1166,67.35,55.41,30548,3536,11274,5416,45358
FBK,A,D,Z,Init20,hmm84,TBVAL,5000,ROVAL,100,GRAMMARSCALE,4,INSWORD,-4,-SUBTRAIN,0,0,1166,1166,66.72,56.11,30262,3872,11224,4813,45358
FBK,A,D,Z,Init20,hmm84,TBVAL,5000,ROVAL,100,GRAMMARSCALE,4,INSWORD,-8,-SUBTRAIN,0,0,1163,1163,66.19,56.63,29941,4166,11128,4323,45235
FBK,A,D,Z,Init20,hmm84,TBVAL,5000,ROVAL,100,GRAMMARSCALE,5,INSWORD,0,-SUBTRAIN,0,0,1166,1166,67.51,56.74,30620,3616,11122,4882,45358
FBK,A,D,Z,Init20,hmm84,TBVAL,5000,ROVAL,100,GRAMMARSCALE,5,INSWORD,-4,-SUBTRAIN,0,0,1164,1164,66.96,57.26,30309,3895,11062,4391,45266
FBK,A,D,Z,Init20,hmm84,TBVAL,5000,ROVAL,100,GRAMMARSCALE,5,INSWORD,-8,-SUBTRAIN,0,0,1163,1163,66.4,57.59,30038,4228,10969,3989,45235
FBK,A,D,Z,Init20,hmm84,TBVAL,5000,ROVAL,100,GRAMMARSCALE,6,INSWORD,0,-SUBTRAIN,0,0,1165,1165,67.56,57.64,30608,3691,11005,4494,45304
FBK,A,D,Z,Init20,hmm84,TBVAL,5000,ROVAL,100,GRAMMARSCALE,6,INSWORD,-4,-SUBTRAIN,0,0,1162,1162,67.02,58.03,30300,4009,10902,4066,45211
FBK,A,D,Z,Init20,hmm84,TBVAL,5000,ROVAL,100,GRAMMARSCALE,6,INSWORD,-8,-SUBTRAIN,0,0,1162,1162,66.48,58.3,30055,4306,10850,3698,45211
FBK,A,D,Z,Init20,hmm84,TBVAL,5000,ROVAL,100,GRAMMARSCALE,7,INSWORD,0,-SUBTRAIN,0,0,1163,1163,67.62,58.42,30599,3794,10856,4163,45249
FBK,A,D,Z,Init20,hmm84,TBVAL,5000,ROVAL,100,GRAMMARSCALE,7,INSWORD,-4,-SUBTRAIN,0,0,1162,1162,67.07,58.69,30325,4103,10783,3791,45211
FBK,A,D,Z,Init20,hmm84,TBVAL,5000,ROVAL,100,GRAMMARSCALE,7,INSWORD,-8,-SUBTRAIN,0,0,1161,1161,66.53,58.94,30056,4414,10705,3429,45175
FBK,A,D,Z,Init20,hmm84,TBVAL,5000,ROVAL,100,GRAMMARSCALE,8,INSWORD,0,-SUBTRAIN,0,0,1162,1162,67.56,58.99,30546,3920,10745,3878,45211
FBK,A,D,Z,Init20,hmm84,TBVAL,5000,ROVAL,100,GRAMMARSCALE,8,INSWORD,-4,-SUBTRAIN,0,0,1161,1161,67.04,59.28,30284,4221,10670,3504,45175
FBK,A,D,Z,Init20,hmm84,TBVAL,5000,ROVAL,100,GRAMMARSCALE,8,INSWORD,-8,-SUBTRAIN,0,0,1159,1159,66.43,59.34,29962,4527,10614,3196,45103
FBK,A,D,Z,Init20,hmm84,TBVAL,5000,ROVAL,100,GRAMMARSCALE,9,INSWORD,0,-SUBTRAIN,0,0,1161,1161,67.58,59.54,30528,4011,10636,3632,45175
FBK,A,D,Z,Init20,hmm84,TBVAL,5000,ROVAL,100,GRAMMARSCALE,9,INSWORD,-4,-SUBTRAIN,0,0,1160,1160,67.01,59.74,30244,4325,10567,3279,45136
FBK,A,D,Z,Init20,hmm84,TBVAL,5000,ROVAL,100,GRAMMARSCALE,9,INSWORD,-8,-SUBTRAIN,0,0,1157,1157,66.47,59.82,29947,4611,10494,2999,45052
FBK,A,D,Z,Init20,hmm84,TBVAL,5000,ROVAL,100,GRAMMARSCALE,10,INSWORD,0,-SUBTRAIN,0,0,1160,1160,67.53,60.03,30480,4116,10540,3383,45136
FBK,A,D,Z,Init20,hmm84,TBVAL,5000,ROVAL,100,GRAMMARSCALE,10,INSWORD,-4,-SUBTRAIN,0,0,1156,1156,66.86,59.99,30089,4474,10437,3093,45000
FBK,A,D,Z,Init20,hmm84,TBVAL,5000,ROVAL,100,GRAMMARSCALE,10,INSWORD,-8,-SUBTRAIN,0,0,1153,1153,66.35,60.07,29766,4759,10338,2816,44863
FBK,A,D,Z,Init20,hmm84,TBVAL,5000,ROVAL,100,GRAMMARSCALE,11,INSWORD,0,-SUBTRAIN,0,0,1156,1156,67.33,60.27,30297,4278,10425,3174,45000
FBK,A,D,Z,Init20,hmm84,TBVAL,5000,ROVAL,100,GRAMMARSCALE,11,INSWORD,-4,-SUBTRAIN,0,0,1154,1154,66.82,60.32,30011,4558,10344,2920,44913
FBK,A,D,Z,Init20,hmm84,TBVAL,5000,ROVAL,100,GRAMMARSCALE,11,INSWORD,-8,-SUBTRAIN,0,0,1146,1146,66.24,60.29,29560,4905,10159,2657,44624
FBK,A,D,Z,Init20,hmm84,TBVAL,5000,ROVAL,100,GRAMMARSCALE,12,INSWORD,0,-SUBTRAIN,0,0,1152,1152,67.13,60.45,30115,4432,10313,2998,44860
FBK,A,D,Z,Init20,hmm84,TBVAL,5000,ROVAL,100,GRAMMARSCALE,12,INSWORD,-4,-SUBTRAIN,0,0,1149,1149,66.64,60.5,29818,4692,10232,2747,44742
FBK,A,D,Z,Init20,hmm84,TBVAL,5000,ROVAL,100,GRAMMARSCALE,12,INSWORD,-8,-SUBTRAIN,0,0,1143,1143,66.15,60.45,29431,4964,10095,2535,44490
FBK,A,D,Z,Init20,hmm84,TBVAL,5000,ROVAL,100,GRAMMARSCALE,13,INSWORD,0,-SUBTRAIN,0,0,1150,1150,66.98,60.65,29991,4523,10263,2834,44777
FBK,A,D,Z,Init20,hmm84,TBVAL,5000,ROVAL,100,GRAMMARSCALE,13,INSWORD,-4,-SUBTRAIN,0,0,1147,1147,66.56,60.7,29723,4801,10134,2617,44658
FBK,A,D,Z,Init20,hmm84,TBVAL,5000,ROVAL,100,GRAMMARSCALE,13,INSWORD,-8,-SUBTRAIN,0,0,1136,1136,65.93,60.54,29141,5088,9972,2382,44201
FBK,A,D,Z,Init20,hmm164,TBVAL,5000,ROVAL,100,GRAMMARSCALE,0,INSWORD,0,-SUBTRAIN,0,0,1166,1166,69.45,52.3,31521,3204,10663,7781,45388
FBK,A,D,Z,Init20,hmm164,TBVAL,5000,ROVAL,100,GRAMMARSCALE,0,INSWORD,-4,-SUBTRAIN,0,0,1166,1166,68.93,53.99,31284,3502,10602,6778,45388
FBK,A,D,Z,Init20,hmm164,TBVAL,5000,ROVAL,100,GRAMMARSCALE,0,INSWORD,-8,-SUBTRAIN,0,0,1165,1165,68.41,55.49,31004,3800,10516,5854,45320
FBK,A,D,Z,Init20,hmm164,TBVAL,5000,ROVAL,100,GRAMMARSCALE,1,INSWORD,0,-SUBTRAIN,0,0,1166,1166,70.15,55.34,31841,3235,10312,6722,45388
FBK,A,D,Z,Init20,hmm164,TBVAL,5000,ROVAL,100,GRAMMARSCALE,1,INSWORD,-4,-SUBTRAIN,0,0,1165,1165,69.46,56.54,31478,3641,10201,5852,45320
FBK,A,D,Z,Init20,hmm164,TBVAL,5000,ROVAL,100,GRAMMARSCALE,1,INSWORD,-8,-SUBTRAIN,0,0,1165,1165,68.79,57.59,31174,3969,10177,5074,45320
FBK,A,D,Z,Init20,hmm164,TBVAL,5000,ROVAL,100,GRAMMARSCALE,2,INSWORD,0,-SUBTRAIN,0,0,1165,1165,70.85,57.7,32111,3225,9984,5961,45320
FBK,A,D,Z,Init20,hmm164,TBVAL,5000,ROVAL,100,GRAMMARSCALE,2,INSWORD,-4,-SUBTRAIN,0,0,1165,1165,70.21,58.81,31817,3577,9926,5165,45320
FBK,A,D,Z,Init20,hmm164,TBVAL,5000,ROVAL,100,GRAMMARSCALE,2,INSWORD,-8,-SUBTRAIN,0,0,1164,1164,69.43,59.47,31432,3969,9873,4509,45274
FBK,A,D,Z,Init20,hmm164,TBVAL,5000,ROVAL,100,GRAMMARSCALE,3,INSWORD,0,-SUBTRAIN,0,0,1165,1165,71.27,59.57,32299,3207,9814,5303,45320
FBK,A,D,Z,Init20,hmm164,TBVAL,5000,ROVAL,100,GRAMMARSCALE,3,INSWORD,-4,-SUBTRAIN,0,0,1164,1164,70.55,60.29,31941,3587,9746,4645,45274
FBK,A,D,Z,Init20,hmm164,TBVAL,5000,ROVAL,100,GRAMMARSCALE,3,INSWORD,-8,-SUBTRAIN,0,0,1164,1164,69.94,60.93,31665,3940,9669,4078,45274
FBK,A,D,Z,Init20,hmm164,TBVAL,5000,ROVAL,100,GRAMMARSCALE,4,INSWORD,0,-SUBTRAIN,0,0,1164,1164,71.55,60.96,32392,3265,9617,4791,45274
FBK,A,D,Z,Init20,hmm164,TBVAL,5000,ROVAL,100,GRAMMARSCALE,4,INSWORD,-4,-SUBTRAIN,0,0,1164,1164,70.94,61.61,32118,3619,9537,4224,45274
FBK,A,D,Z,Init20,hmm164,TBVAL,5000,ROVAL,100,GRAMMARSCALE,4,INSWORD,-8,-SUBTRAIN,0,0,1164,1164,70.24,61.98,31802,4014,9458,3742,45274
FBK,A,D,Z,Init20,hmm164,TBVAL,5000,ROVAL,100,GRAMMARSCALE,5,INSWORD,0,-SUBTRAIN,0.09,1,1163,1164,71.72,62.13,32471,3375,9428,4344,45274
FBK,A,D,Z,Init20,hmm164,TBVAL,5000,ROVAL,100,GRAMMARSCALE,5,INSWORD,-4,-SUBTRAIN,0,0,1164,1164,71.08,62.58,32181,3734,9359,3847,45274
FBK,A,D,Z,Init20,hmm164,TBVAL,5000,ROVAL,100,GRAMMARSCALE,5,INSWORD,-8,-SUBTRAIN,0,0,1164,1164,70.38,62.77,31862,4092,9320,3444,45274
FBK,A,D,Z,Init20,hmm164,TBVAL,5000,ROVAL,100,GRAMMARSCALE,6,INSWORD,0,-SUBTRAIN,0.09,1,1163,1164,71.85,63.05,32528,3452,9294,3982,45274
FBK,A,D,Z,Init20,hmm164,TBVAL,5000,ROVAL,100,GRAMMARSCALE,6,INSWORD,-4,-SUBTRAIN,0.09,1,1162,1163,71.16,63.27,32178,3803,9239,3568,45220
FBK,A,D,Z,Init20,hmm164,TBVAL,5000,ROVAL,100,GRAMMARSCALE,6,INSWORD,-8,-SUBTRAIN,0,0,1162,1162,70.64,63.53,31907,4108,9155,3211,45170
FBK,A,D,Z,Init20,hmm164,TBVAL,5000,ROVAL,100,GRAMMARSCALE,7,INSWORD,0,-SUBTRAIN,0.09,1,1161,1162,71.83,63.71,32446,3549,9175,3666,45170
FBK,A,D,Z,Init20,hmm164,TBVAL,5000,ROVAL,100,GRAMMARSCALE,7,INSWORD,-4,-SUBTRAIN,0.09,1,1161,1162,71.3,63.97,32207,3841,9122,3310,45170
FBK,A,D,Z,Init20,hmm164,TBVAL,5000,ROVAL,100,GRAMMARSCALE,7,INSWORD,-8,-SUBTRAIN,0.09,1,1161,1162,70.75,64.06,31960,4138,9072,3025,45170
FBK,A,D,Z,Init20,hmm164,TBVAL,5000,ROVAL,100,GRAMMARSCALE,8,INSWORD,0,-SUBTRAIN,0.09,1,1161,1162,71.83,64.3,32446,3662,9062,3400,45170
FBK,A,D,Z,Init20,hmm164,TBVAL,5000,ROVAL,100,GRAMMARSCALE,8,INSWORD,-4,-SUBTRAIN,0.09,1,1161,1162,71.22,64.35,32170,3974,9026,3105,45170
FBK,A,D,Z,Init20,hmm164,TBVAL,5000,ROVAL,100,GRAMMARSCALE,8,INSWORD,-8,-SUBTRAIN,0.09,1,1161,1162,70.63,64.42,31909,4316,8950,2808,45175
FBK,A,D,Z,Init20,hmm164,TBVAL,5000,ROVAL,100,GRAMMARSCALE,9,INSWORD,0,-SUBTRAIN,0.09,1,1161,1162,71.67,64.62,32376,3793,9006,3186,45175
FBK,A,D,Z,Init20,hmm164,TBVAL,5000,ROVAL,100,GRAMMARSCALE,9,INSWORD,-4,-SUBTRAIN,0.09,1,1161,1162,71.2,64.8,32163,4062,8950,2889,45175
FBK,A,D,Z,Init20,hmm164,TBVAL,5000,ROVAL,100,GRAMMARSCALE,9,INSWORD,-8,-SUBTRAIN,0.09,1,1158,1159,70.55,64.74,31809,4426,8850,2622,45085
FBK,A,D,Z,Init20,hmm164,TBVAL,5000,ROVAL,100,GRAMMARSCALE,10,INSWORD,0,-SUBTRAIN,0.09,1,1160,1161,71.65,65.08,32352,3848,8952,2966,45152
FBK,A,D,Z,Init20,hmm164,TBVAL,5000,ROVAL,100,GRAMMARSCALE,10,INSWORD,-4,-SUBTRAIN,0.09,1,1157,1158,71.09,65.1,32028,4166,8860,2699,45054
FBK,A,D,Z,Init20,hmm164,TBVAL,5000,ROVAL,100,GRAMMARSCALE,10,INSWORD,-8,-SUBTRAIN,0.09,1,1156,1157,70.43,64.99,31700,4504,8805,2448,45009
FBK,A,D,Z,Init20,hmm164,TBVAL,5000,ROVAL,100,GRAMMARSCALE,11,INSWORD,0,-SUBTRAIN,0.09,1,1157,1158,71.5,65.35,32214,3982,8858,2770,45054
FBK,A,D,Z,Init20,hmm164,TBVAL,5000,ROVAL,100,GRAMMARSCALE,11,INSWORD,-4,-SUBTRAIN,0.09,1,1155,1156,70.9,65.32,31875,4278,8803,2511,44956
FBK,A,D,Z,Init20,hmm164,TBVAL,5000,ROVAL,100,GRAMMARSCALE,11,INSWORD,-8,-SUBTRAIN,0,0,1151,1151,70.13,65.05,31407,4709,8668,2275,44784
FBK,A,D,Z,Init20,hmm164,TBVAL,5000,ROVAL,100,GRAMMARSCALE,12,INSWORD,0,-SUBTRAIN,0.09,1,1155,1156,71.18,65.42,32011,4155,8804,2592,44970
FBK,A,D,Z,Init20,hmm164,TBVAL,5000,ROVAL,100,GRAMMARSCALE,12,INSWORD,-4,-SUBTRAIN,0.09,1,1151,1152,70.57,65.32,31632,4501,8689,2355,44822
FBK,A,D,Z,Init20,hmm164,TBVAL,5000,ROVAL,100,GRAMMARSCALE,12,INSWORD,-8,-SUBTRAIN,0,0,1148,1148,69.98,65.12,31250,4794,8609,2173,44653
FBK,A,D,Z,Init20,hmm164,TBVAL,5000,ROVAL,100,GRAMMARSCALE,13,INSWORD,0,-SUBTRAIN,0.09,1,1152,1153,70.96,65.48,31836,4271,8759,2456,44866
FBK,A,D,Z,Init20,hmm164,TBVAL,5000,ROVAL,100,GRAMMARSCALE,13,INSWORD,-4,-SUBTRAIN,0,0,1145,1145,70.4,65.34,31351,4570,8611,2253,44532
FBK,A,D,Z,Init20,hmm164,TBVAL,5000,ROVAL,100,GRAMMARSCALE,13,INSWORD,-8,-SUBTRAIN,0,0,1140,1140,69.68,65,30895,4856,8585,2075,44336
MFC,A,D,Z,Flatstart20,hmm84,TBVAL,5000,ROVAL,100,GRAMMARSCALE,0,INSWORD,0,-CORETEST,0,0,192,192,67.95,54.38,4997,651,1706,998,7354
MFC,A,D,Z,Flatstart20,hmm84,TBVAL,5000,ROVAL,100,GRAMMARSCALE,0,INSWORD,-4,-CORETEST,0,0,192,192,66.58,57.63,4896,796,1662,658,7354
MFC,A,D,Z,Flatstart20,hmm84,TBVAL,5000,ROVAL,100,GRAMMARSCALE,0,INSWORD,-8,-CORETEST,0,0,192,192,64.88,59.03,4771,945,1638,430,7354
MFC,A,D,Z,Flatstart20,hmm84,TBVAL,5000,ROVAL,100,GRAMMARSCALE,1,INSWORD,0,-CORETEST,0,0,192,192,68.15,59.6,5012,715,1627,629,7354
MFC,A,D,Z,Flatstart20,hmm84,TBVAL,5000,ROVAL,100,GRAMMARSCALE,1,INSWORD,-4,-CORETEST,0,0,192,192,66.47,60.77,4888,880,1586,419,7354
MFC,A,D,Z,Flatstart20,hmm84,TBVAL,5000,ROVAL,100,GRAMMARSCALE,1,INSWORD,-8,-CORETEST,0,0,192,192,65.2,61.46,4795,1031,1528,275,7354
MFC,A,D,Z,Flatstart20,hmm84,TBVAL,5000,ROVAL,100,GRAMMARSCALE,2,INSWORD,0,-CORETEST,0,0,192,192,69.42,63.2,5105,695,1554,457,7354
MFC,A,D,Z,Flatstart20,hmm84,TBVAL,5000,ROVAL,100,GRAMMARSCALE,2,INSWORD,-4,-CORETEST,0,0,192,192,67.72,63.53,4980,855,1519,308,7354
MFC,A,D,Z,Flatstart20,hmm84,TBVAL,5000,ROVAL,100,GRAMMARSCALE,2,INSWORD,-8,-CORETEST,0,0,192,192,65.65,62.78,4828,1050,1476,211,7354
MFC,A,D,Z,Flatstart20,hmm84,TBVAL,5000,ROVAL,100,GRAMMARSCALE,3,INSWORD,0,-CORETEST,0,0,192,192,69.84,65.15,5136,711,1507,345,7354
MFC,A,D,Z,Flatstart20,hmm84,TBVAL,5000,ROVAL,100,GRAMMARSCALE,3,INSWORD,-4,-CORETEST,0,0,192,192,68.3,64.92,5023,862,1469,249,7354
MFC,A,D,Z,Flatstart20,hmm84,TBVAL,5000,ROVAL,100,GRAMMARSCALE,3,INSWORD,-8,-CORETEST,0,0,192,192,66.56,64.1,4895,1022,1437,181,7354
MFC,A,D,Z,Flatstart20,hmm84,TBVAL,5000,ROVAL,100,GRAMMARSCALE,4,INSWORD,0,-CORETEST,0,0,192,192,70.18,66.29,5161,740,1453,286,7354
MFC,A,D,Z,Flatstart20,hmm84,TBVAL,5000,ROVAL,100,GRAMMARSCALE,4,INSWORD,-4,-CORETEST,0,0,192,192,68.48,65.53,5036,905,1413,217,7354
MFC,A,D,Z,Flatstart20,hmm84,TBVAL,5000,ROVAL,100,GRAMMARSCALE,4,INSWORD,-8,-CORETEST,0,0,192,192,66.58,64.48,4896,1061,1397,154,7354
MFC,A,D,Z,Flatstart20,hmm84,TBVAL,5000,ROVAL,100,GRAMMARSCALE,5,INSWORD,0,-CORETEST,0,0,192,192,69.83,66.43,5135,785,1434,250,7354
MFC,A,D,Z,Flatstart20,hmm84,TBVAL,5000,ROVAL,100,GRAMMARSCALE,5,INSWORD,-4,-CORETEST,0,0,192,192,68.11,65.66,5009,936,1409,180,7354
MFC,A,D,Z,Flatstart20,hmm84,TBVAL,5000,ROVAL,100,GRAMMARSCALE,5,INSWORD,-8,-CORETEST,0,0,192,192,66.48,64.67,4889,1089,1376,133,7354
MFC,A,D,Z,Flatstart20,hmm84,TBVAL,5000,ROVAL,100,GRAMMARSCALE,6,INSWORD,0,-CORETEST,0,0,192,192,69.05,66.06,5078,839,1437,220,7354
MFC,A,D,Z,Flatstart20,hmm84,TBVAL,5000,ROVAL,100,GRAMMARSCALE,6,INSWORD,-4,-CORETEST,0,0,192,192,67.6,65.5,4971,975,1408,154,7354
MFC,A,D,Z,Flatstart20,hmm84,TBVAL,5000,ROVAL,100,GRAMMARSCALE,6,INSWORD,-8,-CORETEST,0,0,192,192,66.11,64.47,4862,1126,1366,121,7354
MFC,A,D,Z,Flatstart20,hmm84,TBVAL,5000,ROVAL,100,GRAMMARSCALE,7,INSWORD,0,-CORETEST,0,0,192,192,68.44,65.91,5033,901,1420,186,7354
MFC,A,D,Z,Flatstart20,hmm84,TBVAL,5000,ROVAL,100,GRAMMARSCALE,7,INSWORD,-4,-CORETEST,0,0,192,192,67.15,65.28,4938,1030,1386,137,7354
MFC,A,D,Z,Flatstart20,hmm84,TBVAL,5000,ROVAL,100,GRAMMARSCALE,7,INSWORD,-8,-CORETEST,0,0,192,192,65.58,64.06,4823,1184,1347,112,7354
MFC,A,D,Z,Flatstart20,hmm84,TBVAL,5000,ROVAL,100,GRAMMARSCALE,8,INSWORD,0,-CORETEST,0,0,192,192,67.75,65.41,4982,968,1404,172,7354
MFC,A,D,Z,Flatstart20,hmm84,TBVAL,5000,ROVAL,100,GRAMMARSCALE,8,INSWORD,-4,-CORETEST,0,0,192,192,66.54,64.63,4893,1096,1365,140,7354
MFC,A,D,Z,Flatstart20,hmm84,TBVAL,5000,ROVAL,100,GRAMMARSCALE,8,INSWORD,-8,-CORETEST,0,0,192,192,64.88,63.3,4771,1240,1343,116,7354
MFC,A,D,Z,Flatstart20,hmm84,TBVAL,5000,ROVAL,100,GRAMMARSCALE,9,INSWORD,0,-CORETEST,0,0,192,192,67.13,64.89,4937,1028,1389,165,7354
MFC,A,D,Z,Flatstart20,hmm84,TBVAL,5000,ROVAL,100,GRAMMARSCALE,9,INSWORD,-4,-CORETEST,0,0,192,192,65.8,64.01,4839,1152,1363,132,7354
MFC,A,D,Z,Flatstart20,hmm84,TBVAL,5000,ROVAL,100,GRAMMARSCALE,9,INSWORD,-8,-CORETEST,0,0,192,192,63.86,62.46,4696,1309,1349,103,7354
MFC,A,D,Z,Flatstart20,hmm84,TBVAL,5000,ROVAL,100,GRAMMARSCALE,10,INSWORD,0,-CORETEST,0,0,192,192,66.28,64.22,4874,1078,1402,151,7354
MFC,A,D,Z,Flatstart20,hmm84,TBVAL,5000,ROVAL,100,GRAMMARSCALE,10,INSWORD,-4,-CORETEST,0,0,192,192,64.65,63.04,4754,1224,1376,118,7354
MFC,A,D,Z,Flatstart20,hmm84,TBVAL,5000,ROVAL,100,GRAMMARSCALE,10,INSWORD,-8,-CORETEST,0,0,192,192,62.75,61.44,4615,1384,1355,97,7354
MFC,A,D,Z,Flatstart20,hmm84,TBVAL,5000,ROVAL,100,GRAMMARSCALE,11,INSWORD,0,-CORETEST,0,0,192,192,65.16,63.26,4792,1145,1417,140,7354
MFC,A,D,Z,Flatstart20,hmm84,TBVAL,5000,ROVAL,100,GRAMMARSCALE,11,INSWORD,-4,-CORETEST,0,0,192,192,63.54,62.02,4673,1311,1370,112,7354
MFC,A,D,Z,Flatstart20,hmm84,TBVAL,5000,ROVAL,100,GRAMMARSCALE,11,INSWORD,-8,-CORETEST,0,0,191,191,62.18,60.91,4544,1434,1330,93,7308
MFC,A,D,Z,Flatstart20,hmm84,TBVAL,5000,ROVAL,100,GRAMMARSCALE,12,INSWORD,0,-CORETEST,0,0,192,192,64.2,62.52,4721,1222,1411,123,7354
MFC,A,D,Z,Flatstart20,hmm84,TBVAL,5000,ROVAL,100,GRAMMARSCALE,12,INSWORD,-4,-CORETEST,0,0,192,192,62.71,61.29,4612,1371,1371,105,7354
MFC,A,D,Z,Flatstart20,hmm84,TBVAL,5000,ROVAL,100,GRAMMARSCALE,12,INSWORD,-8,-CORETEST,0,0,191,191,61.28,60.1,4478,1513,1317,86,7308
MFC,A,D,Z,Flatstart20,hmm84,TBVAL,5000,ROVAL,100,GRAMMARSCALE,13,INSWORD,0,-CORETEST,0,0,192,192,63.6,61.98,4677,1289,1388,119,7354
MFC,A,D,Z,Flatstart20,hmm84,TBVAL,5000,ROVAL,100,GRAMMARSCALE,13,INSWORD,-4,-CORETEST,0,0,191,191,61.93,60.62,4526,1427,1355,96,7308
MFC,A,D,Z,Flatstart20,hmm84,TBVAL,5000,ROVAL,100,GRAMMARSCALE,13,INSWORD,-8,-CORETEST,0,0,188,188,60.36,59.17,4353,1570,1289,86,7212
MFC,A,D,Z,Flatstart20,hmm164,TBVAL,5000,ROVAL,100,GRAMMARSCALE,0,INSWORD,0,-CORETEST,0,0,192,192,69.69,56.36,5125,639,1590,980,7354
MFC,A,D,Z,Flatstart20,hmm164,TBVAL,5000,ROVAL,100,GRAMMARSCALE,0,INSWORD,-4,-CORETEST,0,0,192,192,68.66,60.14,5049,786,1519,626,7354
MFC,A,D,Z,Flatstart20,hmm164,TBVAL,5000,ROVAL,100,GRAMMARSCALE,0,INSWORD,-8,-CORETEST,0,0,192,192,67.35,61.83,4953,938,1463,406,7354
MFC,A,D,Z,Flatstart20,hmm164,TBVAL,5000,ROVAL,100,GRAMMARSCALE,1,INSWORD,0,-CORETEST,0,0,192,192,70.68,62.42,5198,688,1468,608,7354
MFC,A,D,Z,Flatstart20,hmm164,TBVAL,5000,ROVAL,100,GRAMMARSCALE,1,INSWORD,-4,-CORETEST,0,0,192,192,68.85,63.54,5063,866,1425,390,7354
MFC,A,D,Z,Flatstart20,hmm164,TBVAL,5000,ROVAL,100,GRAMMARSCALE,1,INSWORD,-8,-CORETEST,0,0,192,192,67.35,63.82,4953,1005,1396,260,7354
MFC,A,D,Z,Flatstart20,hmm164,TBVAL,5000,ROVAL,100,GRAMMARSCALE,2,INSWORD,0,-CORETEST,0,0,192,192,71.63,66.14,5268,666,1420,404,7354
MFC,A,D,Z,Flatstart20,hmm164,TBVAL,5000,ROVAL,100,GRAMMARSCALE,2,INSWORD,-4,-CORETEST,0,0,192,192,69.98,66.15,5146,825,1383,281,7354
MFC,A,D,Z,Flatstart20,hmm164,TBVAL,5000,ROVAL,100,GRAMMARSCALE,2,INSWORD,-8,-CORETEST,0,0,192,192,67.83,65.11,4988,1012,1354,200,7354
MFC,A,D,Z,Flatstart20,hmm164,TBVAL,5000,ROVAL,100,GRAMMARSCALE,3,INSWORD,0,-CORETEST,0,0,192,192,72.11,67.83,5303,656,1395,315,7354
MFC,A,D,Z,Flatstart20,hmm164,TBVAL,5000,ROVAL,100,GRAMMARSCALE,3,INSWORD,-4,-CORETEST,0,0,192,192,70.29,67.34,5169,832,1353,217,7354
MFC,A,D,Z,Flatstart20,hmm164,TBVAL,5000,ROVAL,100,GRAMMARSCALE,3,INSWORD,-8,-CORETEST,0,0,192,192,68.63,66.45,5047,971,1336,160,7354
MFC,A,D,Z,Flatstart20,hmm164,TBVAL,5000,ROVAL,100,GRAMMARSCALE,4,INSWORD,0,-CORETEST,0,0,192,192,71.87,68.55,5285,705,1364,244,7354
MFC,A,D,Z,Flatstart20,hmm164,TBVAL,5000,ROVAL,100,GRAMMARSCALE,4,INSWORD,-4,-CORETEST,0,0,192,192,70.26,67.92,5167,853,1334,172,7354
MFC,A,D,Z,Flatstart20,hmm164,TBVAL,5000,ROVAL,100,GRAMMARSCALE,4,INSWORD,-8,-CORETEST,0,0,192,192,68.56,66.77,5042,1006,1306,132,7354
MFC,A,D,Z,Flatstart20,hmm164,TBVAL,5000,ROVAL,100,GRAMMARSCALE,5,INSWORD,0,-CORETEST,0,0,192,192,71.46,68.6,5255,749,1350,210,7354
MFC,A,D,Z,Flatstart20,hmm164,TBVAL,5000,ROVAL,100,GRAMMARSCALE,5,INSWORD,-4,-CORETEST,0,0,192,192,69.96,67.8,5145,890,1319,159,7354
MFC,A,D,Z,Flatstart20,hmm164,TBVAL,5000,ROVAL,100,GRAMMARSCALE,5,INSWORD,-8,-CORETEST,0,0,192,192,68.32,66.63,5024,1045,1285,124,7354
MFC,A,D,Z,Flatstart20,hmm164,TBVAL,5000,ROVAL,100,GRAMMARSCALE,6,INSWORD,0,-CORETEST,0,0,192,192,70.83,68.36,5209,807,1338,182,7354
MFC,A,D,Z,Flatstart20,hmm164,TBVAL,5000,ROVAL,100,GRAMMARSCALE,6,INSWORD,-4,-CORETEST,0,0,192,192,69.45,67.6,5107,932,1315,136,7354
MFC,A,D,Z,Flatstart20,hmm164,TBVAL,5000,ROVAL,100,GRAMMARSCALE,6,INSWORD,-8,-CORETEST,0,0,192,192,67.99,66.45,5000,1077,1277,113,7354
MFC,A,D,Z,Flatstart20,hmm164,TBVAL,5000,ROVAL,100,GRAMMARSCALE,7,INSWORD,0,-CORETEST,0,0,192,192,70.13,67.75,5157,857,1340,175,7354
MFC,A,D,Z,Flatstart20,hmm164,TBVAL,5000,ROVAL,100,GRAMMARSCALE,7,INSWORD,-4,-CORETEST,0,0,192,192,68.94,67.22,5070,982,1302,127,7354
MFC,A,D,Z,Flatstart20,hmm164,TBVAL,5000,ROVAL,100,GRAMMARSCALE,7,INSWORD,-8,-CORETEST,0,0,192,192,67.65,66.25,4975,1114,1265,103,7354
MFC,A,D,Z,Flatstart20,hmm164,TBVAL,5000,ROVAL,100,GRAMMARSCALE,8,INSWORD,0,-CORETEST,0,0,192,192,69.55,67.43,5115,905,1334,156,7354
MFC,A,D,Z,Flatstart20,hmm164,TBVAL,5000,ROVAL,100,GRAMMARSCALE,8,INSWORD,-4,-CORETEST,0,0,192,192,68.18,66.55,5014,1039,1301,120,7354
MFC,A,D,Z,Flatstart20,hmm164,TBVAL,5000,ROVAL,100,GRAMMARSCALE,8,INSWORD,-8,-CORETEST,0,0,192,192,66.89,65.61,4919,1167,1268,94,7354
MFC,A,D,Z,Flatstart20,hmm164,TBVAL,5000,ROVAL,100,GRAMMARSCALE,9,INSWORD,0,-CORETEST,0,0,192,192,68.57,66.58,5043,978,1333,147,7354
MFC,A,D,Z,Flatstart20,hmm164,TBVAL,5000,ROVAL,100,GRAMMARSCALE,9,INSWORD,-4,-CORETEST,0,0,192,192,67.39,65.9,4956,1098,1300,110,7354
MFC,A,D,Z,Flatstart20,hmm164,TBVAL,5000,ROVAL,100,GRAMMARSCALE,9,INSWORD,-8,-CORETEST,0,0,192,192,66.02,64.78,4855,1248,1251,91,7354
MFC,A,D,Z,Flatstart20,hmm164,TBVAL,5000,ROVAL,100,GRAMMARSCALE,10,INSWORD,0,-CORETEST,0,0,192,192,67.88,66.09,4992,1031,1331,132,7354
MFC,A,D,Z,Flatstart20,hmm164,TBVAL,5000,ROVAL,100,GRAMMARSCALE,10,INSWORD,-4,-CORETEST,0,0,192,192,66.62,65.22,4899,1159,1296,103,7354
MFC,A,D,Z,Flatstart20,hmm164,TBVAL,5000,ROVAL,100,GRAMMARSCALE,10,INSWORD,-8,-CORETEST,0,0,192,192,65.15,63.92,4791,1309,1254,90,7354
MFC,A,D,Z,Flatstart20,hmm164,TBVAL,5000,ROVAL,100,GRAMMARSCALE,11,INSWORD,0,-CORETEST,0,0,192,192,66.85,65.19,4916,1096,1342,122,7354
MFC,A,D,Z,Flatstart20,hmm164,TBVAL,5000,ROVAL,100,GRAMMARSCALE,11,INSWORD,-4,-CORETEST,0,0,192,192,65.83,64.51,4841,1221,1292,97,7354
MFC,A,D,Z,Flatstart20,hmm164,TBVAL,5000,ROVAL,100,GRAMMARSCALE,11,INSWORD,-8,-CORETEST,0,0,192,192,64.4,63.29,4736,1357,1261,82,7354
MFC,A,D,Z,Flatstart20,hmm164,TBVAL,5000,ROVAL,100,GRAMMARSCALE,12,INSWORD,0,-CORETEST,0,0,192,192,65.98,64.37,4852,1171,1331,118,7354
MFC,A,D,Z,Flatstart20,hmm164,TBVAL,5000,ROVAL,100,GRAMMARSCALE,12,INSWORD,-4,-CORETEST,0,0,192,192,64.94,63.63,4776,1281,1297,97,7354
MFC,A,D,Z,Flatstart20,hmm164,TBVAL,5000,ROVAL,100,GRAMMARSCALE,12,INSWORD,-8,-CORETEST,0,0,192,192,63.45,62.33,4666,1432,1256,82,7354
MFC,A,D,Z,Flatstart20,hmm164,TBVAL,5000,ROVAL,100,GRAMMARSCALE,13,INSWORD,0,-CORETEST,0,0,192,192,65.08,63.52,4786,1225,1343,115,7354
MFC,A,D,Z,Flatstart20,hmm164,TBVAL,5000,ROVAL,100,GRAMMARSCALE,13,INSWORD,-4,-CORETEST,0,0,192,192,63.86,62.61,4696,1354,1304,92,7354
MFC,A,D,Z,Flatstart20,hmm164,TBVAL,5000,ROVAL,100,GRAMMARSCALE,13,INSWORD,-8,-CORETEST,0,0,191,191,62.49,61.46,4574,1492,1253,76,7319
MFC,A,D,Z,Flatstart20,hmm84,TBVAL,5000,ROVAL,100,GRAMMARSCALE,0,INSWORD,0,-SUBTRAIN,0,0,1168,1168,70.01,56.3,31849,3810,9836,6234,45495
MFC,A,D,Z,Flatstart20,hmm84,TBVAL,5000,ROVAL,100,GRAMMARSCALE,0,INSWORD,-4,-SUBTRAIN,0,0,1168,1168,68.62,59.55,31220,4765,9510,4126,45495
MFC,A,D,Z,Flatstart20,hmm84,TBVAL,5000,ROVAL,100,GRAMMARSCALE,0,INSWORD,-8,-SUBTRAIN,0,0,1168,1168,67.34,61.23,30638,5676,9181,2781,45495
MFC,A,D,Z,Flatstart20,hmm84,TBVAL,5000,ROVAL,100,GRAMMARSCALE,1,INSWORD,0,-SUBTRAIN,0,0,1168,1168,70.6,61.59,32118,4212,9165,4098,45495
MFC,A,D,Z,Flatstart20,hmm84,TBVAL,5000,ROVAL,100,GRAMMARSCALE,1,INSWORD,-4,-SUBTRAIN,0,0,1168,1168,68.89,62.84,31342,5300,8853,2752,45495
MFC,A,D,Z,Flatstart20,hmm84,TBVAL,5000,ROVAL,100,GRAMMARSCALE,1,INSWORD,-8,-SUBTRAIN,0,0,1168,1168,67.45,63.16,30686,6239,8570,1952,45495
MFC,A,D,Z,Flatstart20,hmm84,TBVAL,5000,ROVAL,100,GRAMMARSCALE,2,INSWORD,0,-SUBTRAIN,0,0,1168,1168,72.09,65.33,32798,4107,8590,3075,45495
MFC,A,D,Z,Flatstart20,hmm84,TBVAL,5000,ROVAL,100,GRAMMARSCALE,2,INSWORD,-4,-SUBTRAIN,0,0,1168,1168,70.29,65.61,31980,5116,8399,2131,45495
MFC,A,D,Z,Flatstart20,hmm84,TBVAL,5000,ROVAL,100,GRAMMARSCALE,2,INSWORD,-8,-SUBTRAIN,0,0,1168,1168,68.25,64.84,31049,6272,8174,1552,45495
MFC,A,D,Z,Flatstart20,hmm84,TBVAL,5000,ROVAL,100,GRAMMARSCALE,3,INSWORD,0,-SUBTRAIN,0,0,1168,1168,72.19,66.99,32844,4273,8378,2369,45495
MFC,A,D,Z,Flatstart20,hmm84,TBVAL,5000,ROVAL,100,GRAMMARSCALE,3,INSWORD,-4,-SUBTRAIN,0,0,1168,1168,70.57,66.76,32107,5228,8160,1736,45495
MFC,A,D,Z,Flatstart20,hmm84,TBVAL,5000,ROVAL,100,GRAMMARSCALE,3,INSWORD,-8,-SUBTRAIN,0,0,1168,1168,69.01,66.22,31395,6164,7936,1270,45495
MFC,A,D,Z,Flatstart20,hmm84,TBVAL,5000,ROVAL,100,GRAMMARSCALE,4,INSWORD,0,-SUBTRAIN,0,0,1168,1168,72.23,68,32860,4487,8148,1925,45495
MFC,A,D,Z,Flatstart20,hmm84,TBVAL,5000,ROVAL,100,GRAMMARSCALE,4,INSWORD,-4,-SUBTRAIN,0,0,1168,1168,70.59,67.42,32117,5443,7935,1444,45495
MFC,A,D,Z,Flatstart20,hmm84,TBVAL,5000,ROVAL,100,GRAMMARSCALE,4,INSWORD,-8,-SUBTRAIN,0,0,1168,1168,68.81,66.39,31307,6455,7733,1104,45495
MFC,A,D,Z,Flatstart20,hmm84,TBVAL,5000,ROVAL,100,GRAMMARSCALE,5,INSWORD,0,-SUBTRAIN,0,0,1168,1168,71.91,68.28,32716,4801,7978,1654,45495
MFC,A,D,Z,Flatstart20,hmm84,TBVAL,5000,ROVAL,100,GRAMMARSCALE,5,INSWORD,-4,-SUBTRAIN,0,0,1168,1168,70.3,67.52,31983,5706,7806,1263,45495
MFC,A,D,Z,Flatstart20,hmm84,TBVAL,5000,ROVAL,100,GRAMMARSCALE,5,INSWORD,-8,-SUBTRAIN,0,0,1168,1168,68.59,66.44,31205,6688,7602,978,45495
MFC,A,D,Z,Flatstart20,hmm84,TBVAL,5000,ROVAL,100,GRAMMARSCALE,6,INSWORD,0,-SUBTRAIN,0,0,1168,1168,71.34,68.08,32458,5144,7893,1486,45495
MFC,A,D,Z,Flatstart20,hmm84,TBVAL,5000,ROVAL,100,GRAMMARSCALE,6,INSWORD,-4,-SUBTRAIN,0,0,1168,1168,69.84,67.34,31772,5997,7726,1135,45495
MFC,A,D,Z,Flatstart20,hmm84,TBVAL,5000,ROVAL,100,GRAMMARSCALE,6,INSWORD,-8,-SUBTRAIN,0,0,1168,1168,68.3,66.31,31072,6894,7529,906,45495
MFC,A,D,Z,Flatstart20,hmm84,TBVAL,5000,ROVAL,100,GRAMMARSCALE,7,INSWORD,0,-SUBTRAIN,0,0,1168,1168,70.79,67.85,32207,5454,7834,1339,45495
MFC,A,D,Z,Flatstart20,hmm84,TBVAL,5000,ROVAL,100,GRAMMARSCALE,7,INSWORD,-4,-SUBTRAIN,0,0,1168,1168,69.38,67.07,31564,6282,7649,1050,45495
MFC,A,D,Z,Flatstart20,hmm84,TBVAL,5000,ROVAL,100,GRAMMARSCALE,7,INSWORD,-8,-SUBTRAIN,0,0,1166,1166,67.74,65.9,30773,7179,7476,835,45428
MFC,A,D,Z,Flatstart20,hmm84,TBVAL,5000,ROVAL,100,GRAMMARSCALE,8,INSWORD,0,-SUBTRAIN,0,0,1168,1168,70.05,67.39,31870,5790,7835,1212,45495
MFC,A,D,Z,Flatstart20,hmm84,TBVAL,5000,ROVAL,100,GRAMMARSCALE,8,INSWORD,-4,-SUBTRAIN,0,0,1166,1166,68.71,66.58,31212,6613,7603,967,45428
MFC,A,D,Z,Flatstart20,hmm84,TBVAL,5000,ROVAL,100,GRAMMARSCALE,8,INSWORD,-8,-SUBTRAIN,0,0,1165,1165,67.31,65.59,30551,7444,7394,781,45389
MFC,A,D,Z,Flatstart20,hmm84,TBVAL,5000,ROVAL,100,GRAMMARSCALE,9,INSWORD,0,-SUBTRAIN,0,0,1166,1166,69.27,66.8,31468,6161,7799,1123,45428
MFC,A,D,Z,Flatstart20,hmm84,TBVAL,5000,ROVAL,100,GRAMMARSCALE,9,INSWORD,-4,-SUBTRAIN,0,0,1166,1166,67.98,66.02,30881,6982,7565,891,45428
MFC,A,D,Z,Flatstart20,hmm84,TBVAL,5000,ROVAL,100,GRAMMARSCALE,9,INSWORD,-8,-SUBTRAIN,0,0,1164,1164,66.6,64.98,30186,7771,7367,735,45324
MFC,A,D,Z,Flatstart20,hmm84,TBVAL,5000,ROVAL,100,GRAMMARSCALE,10,INSWORD,0,-SUBTRAIN,0,0,1166,1166,68.45,66.14,31095,6559,7774,1051,45428
MFC,A,D,Z,Flatstart20,hmm84,TBVAL,5000,ROVAL,100,GRAMMARSCALE,10,INSWORD,-4,-SUBTRAIN,0,0,1165,1165,67.15,65.31,30479,7342,7568,837,45389
MFC,A,D,Z,Flatstart20,hmm84,TBVAL,5000,ROVAL,100,GRAMMARSCALE,10,INSWORD,-8,-SUBTRAIN,0,0,1163,1163,65.81,64.26,29796,8116,7365,700,45277
MFC,A,D,Z,Flatstart20,hmm84,TBVAL,5000,ROVAL,100,GRAMMARSCALE,11,INSWORD,0,-SUBTRAIN,0,0,1165,1165,67.58,65.46,30674,6908,7807,962,45389
MFC,A,D,Z,Flatstart20,hmm84,TBVAL,5000,ROVAL,100,GRAMMARSCALE,11,INSWORD,-4,-SUBTRAIN,0,0,1164,1164,66.35,64.59,30083,7691,7568,797,45342
MFC,A,D,Z,Flatstart20,hmm84,TBVAL,5000,ROVAL,100,GRAMMARSCALE,11,INSWORD,-8,-SUBTRAIN,0,0,1162,1162,64.95,63.5,29387,8475,7387,655,45249
MFC,A,D,Z,Flatstart20,hmm84,TBVAL,5000,ROVAL,100,GRAMMARSCALE,12,INSWORD,0,-SUBTRAIN,0,0,1164,1164,66.69,64.65,30237,7306,7799,925,45342
MFC,A,D,Z,Flatstart20,hmm84,TBVAL,5000,ROVAL,100,GRAMMARSCALE,12,INSWORD,-4,-SUBTRAIN,0,0,1164,1164,65.41,63.71,29658,8096,7588,771,45342
MFC,A,D,Z,Flatstart20,hmm84,TBVAL,5000,ROVAL,100,GRAMMARSCALE,12,INSWORD,-8,-SUBTRAIN,0,0,1161,1161,64.07,62.69,28948,8871,7362,626,45181
MFC,A,D,Z,Flatstart20,hmm84,TBVAL,5000,ROVAL,100,GRAMMARSCALE,13,INSWORD,0,-SUBTRAIN,0,0,1164,1164,65.76,63.78,29818,7699,7825,898,45342
MFC,A,D,Z,Flatstart20,hmm84,TBVAL,5000,ROVAL,100,GRAMMARSCALE,13,INSWORD,-4,-SUBTRAIN,0,0,1162,1162,64.59,62.98,29211,8421,7592,728,45224
MFC,A,D,Z,Flatstart20,hmm84,TBVAL,5000,ROVAL,100,GRAMMARSCALE,13,INSWORD,-8,-SUBTRAIN,0,0,1160,1160,63.17,61.82,28507,9248,7376,607,45131
MFC,A,D,Z,Flatstart20,hmm164,TBVAL,5000,ROVAL,100,GRAMMARSCALE,0,INSWORD,0,-SUBTRAIN,0,0,1168,1168,73.6,61.55,33483,3651,8361,5483,45495
MFC,A,D,Z,Flatstart20,hmm164,TBVAL,5000,ROVAL,100,GRAMMARSCALE,0,INSWORD,-4,-SUBTRAIN,0,0,1168,1168,72.27,64.49,32881,4544,8070,3542,45495
MFC,A,D,Z,Flatstart20,hmm164,TBVAL,5000,ROVAL,100,GRAMMARSCALE,0,INSWORD,-8,-SUBTRAIN,0,0,1168,1168,70.9,65.82,32256,5393,7846,2313,45495
MFC,A,D,Z,Flatstart20,hmm164,TBVAL,5000,ROVAL,100,GRAMMARSCALE,1,INSWORD,0,-SUBTRAIN,0,0,1168,1168,74.67,66.89,33969,3847,7679,3539,45495
MFC,A,D,Z,Flatstart20,hmm164,TBVAL,5000,ROVAL,100,GRAMMARSCALE,1,INSWORD,-4,-SUBTRAIN,0,0,1168,1168,72.61,67.55,33034,4951,7510,2303,45495
MFC,A,D,Z,Flatstart20,hmm164,TBVAL,5000,ROVAL,100,GRAMMARSCALE,1,INSWORD,-8,-SUBTRAIN,0,0,1168,1168,70.95,67.53,32280,5932,7283,1558,45495
MFC,A,D,Z,Flatstart20,hmm164,TBVAL,5000,ROVAL,100,GRAMMARSCALE,2,INSWORD,0,-SUBTRAIN,0,0,1168,1168,76,70.32,34576,3717,7202,2583,45495
MFC,A,D,Z,Flatstart20,hmm164,TBVAL,5000,ROVAL,100,GRAMMARSCALE,2,INSWORD,-4,-SUBTRAIN,0,0,1168,1168,74.15,70.32,33734,4708,7053,1742,45495
MFC,A,D,Z,Flatstart20,hmm164,TBVAL,5000,ROVAL,100,GRAMMARSCALE,2,INSWORD,-8,-SUBTRAIN,0,0,1168,1168,72.09,69.45,32797,5825,6873,1202,45495
MFC,A,D,Z,Flatstart20,hmm164,TBVAL,5000,ROVAL,100,GRAMMARSCALE,3,INSWORD,0,-SUBTRAIN,0,0,1168,1168,76.18,71.77,34657,3854,6984,2003,45495
MFC,A,D,Z,Flatstart20,hmm164,TBVAL,5000,ROVAL,100,GRAMMARSCALE,3,INSWORD,-4,-SUBTRAIN,0,0,1168,1168,74.39,71.32,33843,4801,6851,1394,45495
MFC,A,D,Z,Flatstart20,hmm164,TBVAL,5000,ROVAL,100,GRAMMARSCALE,3,INSWORD,-8,-SUBTRAIN,0,0,1168,1168,72.8,70.59,33120,5717,6658,1007,45495
MFC,A,D,Z,Flatstart20,hmm164,TBVAL,5000,ROVAL,100,GRAMMARSCALE,4,INSWORD,0,-SUBTRAIN,0,0,1168,1168,75.89,72.33,34527,4125,6843,1619,45495
MFC,A,D,Z,Flatstart20,hmm164,TBVAL,5000,ROVAL,100,GRAMMARSCALE,4,INSWORD,-4,-SUBTRAIN,0,0,1168,1168,74.34,71.8,33821,5025,6649,1157,45495
MFC,A,D,Z,Flatstart20,hmm164,TBVAL,5000,ROVAL,100,GRAMMARSCALE,4,INSWORD,-8,-SUBTRAIN,0,0,1168,1168,72.61,70.66,33033,5941,6521,884,45495
MFC,A,D,Z,Flatstart20,hmm164,TBVAL,5000,ROVAL,100,GRAMMARSCALE,5,INSWORD,0,-SUBTRAIN,0.09,1,1167,1168,75.6,72.6,34395,4394,6706,1366,45495
MFC,A,D,Z,Flatstart20,hmm164,TBVAL,5000,ROVAL,100,GRAMMARSCALE,5,INSWORD,-4,-SUBTRAIN,0.09,1,1167,1168,74.06,71.8,33692,5222,6581,1028,45495
MFC,A,D,Z,Flatstart20,hmm164,TBVAL,5000,ROVAL,100,GRAMMARSCALE,5,INSWORD,-8,-SUBTRAIN,0,0,1168,1168,72.37,70.67,32926,6122,6447,774,45495
MFC,A,D,Z,Flatstart20,hmm164,TBVAL,5000,ROVAL,100,GRAMMARSCALE,6,INSWORD,0,-SUBTRAIN,0,0,1168,1168,74.94,72.35,34095,4693,6707,1179,45495
MFC,A,D,Z,Flatstart20,hmm164,TBVAL,5000,ROVAL,100,GRAMMARSCALE,6,INSWORD,-4,-SUBTRAIN,0,0,1168,1168,73.52,71.51,33446,5481,6568,914,45495
MFC,A,D,Z,Flatstart20,hmm164,TBVAL,5000,ROVAL,100,GRAMMARSCALE,6,INSWORD,-8,-SUBTRAIN,0,0,1168,1168,71.9,70.36,32713,6379,6403,701,45495
MFC,A,D,Z,Flatstart20,hmm164,TBVAL,5000,ROVAL,100,GRAMMARSCALE,7,INSWORD,0,-SUBTRAIN,0,0,1168,1168,74.25,71.91,33780,5004,6711,1065,45495
MFC,A,D,Z,Flatstart20,hmm164,TBVAL,5000,ROVAL,100,GRAMMARSCALE,7,INSWORD,-4,-SUBTRAIN,0,0,1168,1168,72.92,71.11,33176,5777,6542,824,45495
MFC,A,D,Z,Flatstart20,hmm164,TBVAL,5000,ROVAL,100,GRAMMARSCALE,7,INSWORD,-8,-SUBTRAIN,0,0,1167,1167,71.37,69.94,32437,6627,6385,649,45449
MFC,A,D,Z,Flatstart20,hmm164,TBVAL,5000,ROVAL,100,GRAMMARSCALE,8,INSWORD,0,-SUBTRAIN,0,0,1168,1168,73.5,71.36,33439,5365,6691,974,45495
MFC,A,D,Z,Flatstart20,hmm164,TBVAL,5000,ROVAL,100,GRAMMARSCALE,8,INSWORD,-4,-SUBTRAIN,0,0,1167,1167,72.24,70.57,32831,6093,6525,758,45449
MFC,A,D,Z,Flatstart20,hmm164,TBVAL,5000,ROVAL,100,GRAMMARSCALE,8,INSWORD,-8,-SUBTRAIN,0,0,1166,1166,70.7,69.41,32107,6938,6365,589,45410
MFC,A,D,Z,Flatstart20,hmm164,TBVAL,5000,ROVAL,100,GRAMMARSCALE,9,INSWORD,0,-SUBTRAIN,0,0,1167,1167,72.69,70.68,33037,5693,6719,913,45449
MFC,A,D,Z,Flatstart20,hmm164,TBVAL,5000,ROVAL,100,GRAMMARSCALE,9,INSWORD,-4,-SUBTRAIN,0,0,1166,1166,71.4,69.82,32422,6436,6552,716,45410
MFC,A,D,Z,Flatstart20,hmm164,TBVAL,5000,ROVAL,100,GRAMMARSCALE,9,INSWORD,-8,-SUBTRAIN,0,0,1166,1166,69.89,68.65,31738,7274,6398,563,45410
MFC,A,D,Z,Flatstart20,hmm164,TBVAL,5000,ROVAL,100,GRAMMARSCALE,10,INSWORD,0,-SUBTRAIN,0,0,1166,1166,71.83,69.99,32617,6012,6781,833,45410
MFC,A,D,Z,Flatstart20,hmm164,TBVAL,5000,ROVAL,100,GRAMMARSCALE,10,INSWORD,-4,-SUBTRAIN,0,0,1166,1166,70.45,68.99,31991,6791,6628,662,45410
MFC,A,D,Z,Flatstart20,hmm164,TBVAL,5000,ROVAL,100,GRAMMARSCALE,10,INSWORD,-8,-SUBTRAIN,0,0,1166,1166,69.06,67.89,31359,7608,6443,528,45410
MFC,A,D,Z,Flatstart20,hmm164,TBVAL,5000,ROVAL,100,GRAMMARSCALE,11,INSWORD,0,-SUBTRAIN,0,0,1166,1166,70.88,69.15,32185,6377,6848,784,45410
MFC,A,D,Z,Flatstart20,hmm164,TBVAL,5000,ROVAL,100,GRAMMARSCALE,11,INSWORD,-4,-SUBTRAIN,0,0,1166,1166,69.6,68.25,31604,7160,6646,610,45410
MFC,A,D,Z,Flatstart20,hmm164,TBVAL,5000,ROVAL,100,GRAMMARSCALE,11,INSWORD,-8,-SUBTRAIN,0,0,1164,1164,68.19,67.12,30875,7966,6435,487,45276
MFC,A,D,Z,Flatstart20,hmm164,TBVAL,5000,ROVAL,100,GRAMMARSCALE,12,INSWORD,0,-SUBTRAIN,0,0,1166,1166,69.93,68.3,31753,6824,6833,737,45410
MFC,A,D,Z,Flatstart20,hmm164,TBVAL,5000,ROVAL,100,GRAMMARSCALE,12,INSWORD,-4,-SUBTRAIN,0,0,1164,1164,68.76,67.46,31149,7540,6609,592,45298
MFC,A,D,Z,Flatstart20,hmm164,TBVAL,5000,ROVAL,100,GRAMMARSCALE,12,INSWORD,-8,-SUBTRAIN,0,0,1161,1161,67.25,66.22,30339,8334,6438,465,45111
MFC,A,D,Z,Flatstart20,hmm164,TBVAL,5000,ROVAL,100,GRAMMARSCALE,13,INSWORD,0,-SUBTRAIN,0,0,1165,1165,69.03,67.48,31316,7191,6856,704,45363
MFC,A,D,Z,Flatstart20,hmm164,TBVAL,5000,ROVAL,100,GRAMMARSCALE,13,INSWORD,-4,-SUBTRAIN,0,0,1162,1162,67.71,66.48,30591,7920,6669,557,45180
MFC,A,D,Z,Flatstart20,hmm164,TBVAL,5000,ROVAL,100,GRAMMARSCALE,13,INSWORD,-8,-SUBTRAIN,0,0,1161,1161,66.21,65.24,29870,8720,6521,440,45111
FBK,A,D,Z,Flatstart20,hmm84,TBVAL,5000,ROVAL,100,GRAMMARSCALE,0,INSWORD,0,-CORETEST,0,0,192,192,62.93,45.04,4628,574,2152,1316,7354
FBK,A,D,Z,Flatstart20,hmm84,TBVAL,5000,ROVAL,100,GRAMMARSCALE,0,INSWORD,-4,-CORETEST,0,0,192,192,62.29,46.44,4581,626,2147,1166,7354
FBK,A,D,Z,Flatstart20,hmm84,TBVAL,5000,ROVAL,100,GRAMMARSCALE,0,INSWORD,-8,-CORETEST,0,0,192,192,61.65,47.74,4534,670,2150,1023,7354
FBK,A,D,Z,Flatstart20,hmm84,TBVAL,5000,ROVAL,100,GRAMMARSCALE,1,INSWORD,0,-CORETEST,0,0,192,192,63.11,47.44,4641,608,2105,1152,7354
FBK,A,D,Z,Flatstart20,hmm84,TBVAL,5000,ROVAL,100,GRAMMARSCALE,1,INSWORD,-4,-CORETEST,0,0,192,192,62.47,48.67,4594,658,2102,1015,7354
FBK,A,D,Z,Flatstart20,hmm84,TBVAL,5000,ROVAL,100,GRAMMARSCALE,1,INSWORD,-8,-CORETEST,0,0,192,192,61.97,49.84,4557,717,2080,892,7354
FBK,A,D,Z,Flatstart20,hmm84,TBVAL,5000,ROVAL,100,GRAMMARSCALE,2,INSWORD,0,-CORETEST,0,0,192,192,64.06,49.86,4711,588,2055,1044,7354
FBK,A,D,Z,Flatstart20,hmm84,TBVAL,5000,ROVAL,100,GRAMMARSCALE,2,INSWORD,-4,-CORETEST,0,0,192,192,62.95,50.71,4629,661,2064,900,7354
FBK,A,D,Z,Flatstart20,hmm84,TBVAL,5000,ROVAL,100,GRAMMARSCALE,2,INSWORD,-8,-CORETEST,0,0,192,192,62.14,51.54,4570,727,2057,780,7354
FBK,A,D,Z,Flatstart20,hmm84,TBVAL,5000,ROVAL,100,GRAMMARSCALE,3,INSWORD,0,-CORETEST,0,0,192,192,64.17,51.67,4719,600,2035,919,7354
FBK,A,D,Z,Flatstart20,hmm84,TBVAL,5000,ROVAL,100,GRAMMARSCALE,3,INSWORD,-4,-CORETEST,0,0,192,192,63.79,52.92,4691,644,2019,799,7354
FBK,A,D,Z,Flatstart20,hmm84,TBVAL,5000,ROVAL,100,GRAMMARSCALE,3,INSWORD,-8,-CORETEST,0,0,192,192,63.09,53.29,4640,718,1996,721,7354
FBK,A,D,Z,Flatstart20,hmm84,TBVAL,5000,ROVAL,100,GRAMMARSCALE,4,INSWORD,0,-CORETEST,0,0,192,192,64.59,53.55,4750,605,1999,812,7354
FBK,A,D,Z,Flatstart20,hmm84,TBVAL,5000,ROVAL,100,GRAMMARSCALE,4,INSWORD,-4,-CORETEST,0,0,192,192,64.17,54.07,4719,658,1977,743,7354
FBK,A,D,Z,Flatstart20,hmm84,TBVAL,5000,ROVAL,100,GRAMMARSCALE,4,INSWORD,-8,-CORETEST,0,0,192,192,63.49,54.45,4669,727,1958,665,7354
FBK,A,D,Z,Flatstart20,hmm84,TBVAL,5000,ROVAL,100,GRAMMARSCALE,5,INSWORD,0,-CORETEST,0,0,192,192,64.78,54.51,4764,622,1968,755,7354
FBK,A,D,Z,Flatstart20,hmm84,TBVAL,5000,ROVAL,100,GRAMMARSCALE,5,INSWORD,-4,-CORETEST,0,0,192,192,64.22,54.94,4723,674,1957,683,7354
FBK,A,D,Z,Flatstart20,hmm84,TBVAL,5000,ROVAL,100,GRAMMARSCALE,5,INSWORD,-8,-CORETEST,0,0,192,192,63.65,55.34,4681,736,1937,611,7354
FBK,A,D,Z,Flatstart20,hmm84,TBVAL,5000,ROVAL,100,GRAMMARSCALE,6,INSWORD,0,-CORETEST,0,0,192,192,65.09,55.59,4787,630,1937,699,7354
FBK,A,D,Z,Flatstart20,hmm84,TBVAL,5000,ROVAL,100,GRAMMARSCALE,6,INSWORD,-4,-CORETEST,0,0,192,192,64.74,56.19,4761,698,1895,629,7354
FBK,A,D,Z,Flatstart20,hmm84,TBVAL,5000,ROVAL,100,GRAMMARSCALE,6,INSWORD,-8,-CORETEST,0,0,192,192,64.05,56.39,4710,752,1892,563,7354
FBK,A,D,Z,Flatstart20,hmm84,TBVAL,5000,ROVAL,100,GRAMMARSCALE,7,INSWORD,0,-CORETEST,0,0,192,192,65.22,56.5,4796,657,1901,641,7354
FBK,A,D,Z,Flatstart20,hmm84,TBVAL,5000,ROVAL,100,GRAMMARSCALE,7,INSWORD,-4,-CORETEST,0,0,192,192,64.6,56.81,4751,709,1894,573,7354
FBK,A,D,Z,Flatstart20,hmm84,TBVAL,5000,ROVAL,100,GRAMMARSCALE,7,INSWORD,-8,-CORETEST,0,0,192,192,63.9,56.81,4699,774,1881,521,7354
FBK,A,D,Z,Flatstart20,hmm84,TBVAL,5000,ROVAL,100,GRAMMARSCALE,8,INSWORD,0,-CORETEST,0,0,192,192,65.16,57.11,4792,670,1892,592,7354
FBK,A,D,Z,Flatstart20,hmm84,TBVAL,5000,ROVAL,100,GRAMMARSCALE,8,INSWORD,-4,-CORETEST,0,0,192,192,64.43,57.21,4738,745,1871,531,7354
FBK,A,D,Z,Flatstart20,hmm84,TBVAL,5000,ROVAL,100,GRAMMARSCALE,8,INSWORD,-8,-CORETEST,0,0,192,192,63.72,57.18,4686,816,1852,481,7354
FBK,A,D,Z,Flatstart20,hmm84,TBVAL,5000,ROVAL,100,GRAMMARSCALE,9,INSWORD,0,-CORETEST,0,0,192,192,65.15,57.64,4791,700,1863,552,7354
FBK,A,D,Z,Flatstart20,hmm84,TBVAL,5000,ROVAL,100,GRAMMARSCALE,9,INSWORD,-4,-CORETEST,0,0,192,192,64.63,57.87,4753,760,1841,497,7354
FBK,A,D,Z,Flatstart20,hmm84,TBVAL,5000,ROVAL,100,GRAMMARSCALE,9,INSWORD,-8,-CORETEST,0,0,192,192,63.8,57.55,4692,833,1829,460,7354
FBK,A,D,Z,Flatstart20,hmm84,TBVAL,5000,ROVAL,100,GRAMMARSCALE,10,INSWORD,0,-CORETEST,0,0,192,192,64.82,57.83,4767,731,1856,514,7354
FBK,A,D,Z,Flatstart20,hmm84,TBVAL,5000,ROVAL,100,GRAMMARSCALE,10,INSWORD,-4,-CORETEST,0,0,192,192,64.36,57.98,4733,778,1843,469,7354
FBK,A,D,Z,Flatstart20,hmm84,TBVAL,5000,ROVAL,100,GRAMMARSCALE,10,INSWORD,-8,-CORETEST,0,0,191,191,63.18,57.34,4620,891,1802,427,7313
FBK,A,D,Z,Flatstart20,hmm84,TBVAL,5000,ROVAL,100,GRAMMARSCALE,11,INSWORD,0,-CORETEST,0,0,192,192,64.59,58.06,4750,781,1823,480,7354
FBK,A,D,Z,Flatstart20,hmm84,TBVAL,5000,ROVAL,100,GRAMMARSCALE,11,INSWORD,-4,-CORETEST,0,0,191,191,64.05,58.02,4684,818,1811,441,7313
FBK,A,D,Z,Flatstart20,hmm84,TBVAL,5000,ROVAL,100,GRAMMARSCALE,11,INSWORD,-8,-CORETEST,0,0,191,191,62.45,57.06,4567,975,1771,394,7313
FBK,A,D,Z,Flatstart20,hmm84,TBVAL,5000,ROVAL,100,GRAMMARSCALE,12,INSWORD,0,-CORETEST,0,0,191,191,63.85,57.81,4669,847,1797,441,7313
FBK,A,D,Z,Flatstart20,hmm84,TBVAL,5000,ROVAL,100,GRAMMARSCALE,12,INSWORD,-4,-CORETEST,0,0,191,191,63.15,57.54,4618,902,1793,410,7313
FBK,A,D,Z,Flatstart20,hmm84,TBVAL,5000,ROVAL,100,GRAMMARSCALE,12,INSWORD,-8,-CORETEST,0,0,190,190,62.25,57.15,4529,996,1750,371,7275
FBK,A,D,Z,Flatstart20,hmm84,TBVAL,5000,ROVAL,100,GRAMMARSCALE,13,INSWORD,0,-CORETEST,0,0,190,190,63.67,57.84,4632,844,1799,424,7275
FBK,A,D,Z,Flatstart20,hmm84,TBVAL,5000,ROVAL,100,GRAMMARSCALE,13,INSWORD,-4,-CORETEST,0,0,190,190,63.01,57.73,4584,916,1775,384,7275
FBK,A,D,Z,Flatstart20,hmm84,TBVAL,5000,ROVAL,100,GRAMMARSCALE,13,INSWORD,-8,-CORETEST,0,0,190,190,62.2,57.53,4525,995,1755,340,7275
FBK,A,D,Z,Flatstart20,hmm164,TBVAL,5000,ROVAL,100,GRAMMARSCALE,0,INSWORD,0,-CORETEST,0,0,192,192,65.62,47.95,4826,541,1987,1300,7354
FBK,A,D,Z,Flatstart20,hmm164,TBVAL,5000,ROVAL,100,GRAMMARSCALE,0,INSWORD,-4,-CORETEST,0,0,192,192,64.9,49.74,4773,610,1971,1115,7354
FBK,A,D,Z,Flatstart20,hmm164,TBVAL,5000,ROVAL,100,GRAMMARSCALE,0,INSWORD,-8,-CORETEST,0,0,192,192,64.14,50.92,4717,675,1962,972,7354
FBK,A,D,Z,Flatstart20,hmm164,TBVAL,5000,ROVAL,100,GRAMMARSCALE,1,INSWORD,0,-CORETEST,0,0,192,192,66.18,51.05,4867,558,1929,1113,7354
FBK,A,D,Z,Flatstart20,hmm164,TBVAL,5000,ROVAL,100,GRAMMARSCALE,1,INSWORD,-4,-CORETEST,0,0,192,192,65.28,52.43,4801,640,1913,945,7354
FBK,A,D,Z,Flatstart20,hmm164,TBVAL,5000,ROVAL,100,GRAMMARSCALE,1,INSWORD,-8,-CORETEST,0,0,192,192,64.63,53.03,4753,718,1883,853,7354
FBK,A,D,Z,Flatstart20,hmm164,TBVAL,5000,ROVAL,100,GRAMMARSCALE,2,INSWORD,0,-CORETEST,0,0,192,192,66.74,53.47,4908,579,1867,976,7354
FBK,A,D,Z,Flatstart20,hmm164,TBVAL,5000,ROVAL,100,GRAMMARSCALE,2,INSWORD,-4,-CORETEST,0,0,192,192,66.09,54.22,4860,653,1841,873,7354
FBK,A,D,Z,Flatstart20,hmm164,TBVAL,5000,ROVAL,100,GRAMMARSCALE,2,INSWORD,-8,-CORETEST,0,0,192,192,65.3,55.14,4802,718,1834,747,7354
FBK,A,D,Z,Flatstart20,hmm164,TBVAL,5000,ROVAL,100,GRAMMARSCALE,3,INSWORD,0,-CORETEST,0,0,192,192,67.34,55.28,4952,584,1818,887,7354
FBK,A,D,Z,Flatstart20,hmm164,TBVAL,5000,ROVAL,100,GRAMMARSCALE,3,INSWORD,-4,-CORETEST,0,0,192,192,66.48,55.93,4889,649,1816,776,7354
FBK,A,D,Z,Flatstart20,hmm164,TBVAL,5000,ROVAL,100,GRAMMARSCALE,3,INSWORD,-8,-CORETEST,0,0,192,192,65.65,56.24,4828,718,1808,692,7354
FBK,A,D,Z,Flatstart20,hmm164,TBVAL,5000,ROVAL,100,GRAMMARSCALE,4,INSWORD,0,-CORETEST,0,0,192,192,67.34,56.65,4952,587,1815,786,7354
FBK,A,D,Z,Flatstart20,hmm164,TBVAL,5000,ROVAL,100,GRAMMARSCALE,4,INSWORD,-4,-CORETEST,0,0,192,192,66.59,56.96,4897,658,1799,708,7354
FBK,A,D,Z,Flatstart20,hmm164,TBVAL,5000,ROVAL,100,GRAMMARSCALE,4,INSWORD,-8,-CORETEST,0,0,192,192,65.98,57.36,4852,703,1799,634,7354
FBK,A,D,Z,Flatstart20,hmm164,TBVAL,5000,ROVAL,100,GRAMMARSCALE,5,INSWORD,0,-CORETEST,0,0,192,192,67.46,57.64,4961,595,1798,722,7354
FBK,A,D,Z,Flatstart20,hmm164,TBVAL,5000,ROVAL,100,GRAMMARSCALE,5,INSWORD,-4,-CORETEST,0,0,192,192,66.67,58.04,4903,656,1795,635,7354
FBK,A,D,Z,Flatstart20,hmm164,TBVAL,5000,ROVAL,100,GRAMMARSCALE,5,INSWORD,-8,-CORETEST,0,0,192,192,66.32,58.58,4877,688,1789,569,7354
FBK,A,D,Z,Flatstart20,hmm164,TBVAL,5000,ROVAL,100,GRAMMARSCALE,6,INSWORD,0,-CORETEST,0,0,192,192,67.5,58.46,4964,594,1796,665,7354
FBK,A,D,Z,Flatstart20,hmm164,TBVAL,5000,ROVAL,100,GRAMMARSCALE,6,INSWORD,-4,-CORETEST,0,0,192,192,66.78,58.8,4911,655,1788,587,7354
FBK,A,D,Z,Flatstart20,hmm164,TBVAL,5000,ROVAL,100,GRAMMARSCALE,6,INSWORD,-8,-CORETEST,0,0,192,192,66.24,59.11,4871,700,1783,524,7354
FBK,A,D,Z,Flatstart20,hmm164,TBVAL,5000,ROVAL,100,GRAMMARSCALE,7,INSWORD,0,-CORETEST,0,0,192,192,67.66,59.42,4976,602,1776,606,7354
FBK,A,D,Z,Flatstart20,hmm164,TBVAL,5000,ROVAL,100,GRAMMARSCALE,7,INSWORD,-4,-CORETEST,0,0,192,192,66.93,59.52,4922,653,1779,545,7354
FBK,A,D,Z,Flatstart20,hmm164,TBVAL,5000,ROVAL,100,GRAMMARSCALE,7,INSWORD,-8,-CORETEST,0,0,192,192,66.4,59.87,4883,709,1762,480,7354
FBK,A,D,Z,Flatstart20,hmm164,TBVAL,5000,ROVAL,100,GRAMMARSCALE,8,INSWORD,0,-CORETEST,0,0,192,192,67.41,59.9,4957,614,1783,552,7354
FBK,A,D,Z,Flatstart20,hmm164,TBVAL,5000,ROVAL,100,GRAMMARSCALE,8,INSWORD,-4,-CORETEST,0,0,192,192,67.08,60.31,4933,662,1759,498,7354
FBK,A,D,Z,Flatstart20,hmm164,TBVAL,5000,ROVAL,100,GRAMMARSCALE,8,INSWORD,-8,-CORETEST,0,0,192,192,66.3,60.31,4876,721,1757,441,7354
FBK,A,D,Z,Flatstart20,hmm164,TBVAL,5000,ROVAL,100,GRAMMARSCALE,9,INSWORD,0,-CORETEST,0,0,192,192,67.58,60.67,4970,621,1763,508,7354
FBK,A,D,Z,Flatstart20,hmm164,TBVAL,5000,ROVAL,100,GRAMMARSCALE,9,INSWORD,-4,-CORETEST,0,0,192,192,66.93,60.66,4922,689,1743,461,7354
FBK,A,D,Z,Flatstart20,hmm164,TBVAL,5000,ROVAL,100,GRAMMARSCALE,9,INSWORD,-8,-CORETEST,0,0,192,192,66.28,60.57,4874,749,1731,420,7354
FBK,A,D,Z,Flatstart20,hmm164,TBVAL,5000,ROVAL,100,GRAMMARSCALE,10,INSWORD,0,-CORETEST,0,0,192,192,67.6,61.1,4971,638,1745,478,7354
FBK,A,D,Z,Flatstart20,hmm164,TBVAL,5000,ROVAL,100,GRAMMARSCALE,10,INSWORD,-4,-CORETEST,0,0,192,192,66.83,60.86,4915,709,1730,439,7354
FBK,A,D,Z,Flatstart20,hmm164,TBVAL,5000,ROVAL,100,GRAMMARSCALE,10,INSWORD,-8,-CORETEST,0,0,192,192,66.3,61,4876,766,1712,390,7354
FBK,A,D,Z,Flatstart20,hmm164,TBVAL,5000,ROVAL,100,GRAMMARSCALE,11,INSWORD,0,-CORETEST,0,0,192,192,67.39,61.29,4956,670,1728,449,7354
FBK,A,D,Z,Flatstart20,hmm164,TBVAL,5000,ROVAL,100,GRAMMARSCALE,11,INSWORD,-4,-CORETEST,0,0,192,192,66.62,60.95,4899,726,1729,417,7354
FBK,A,D,Z,Flatstart20,hmm164,TBVAL,5000,ROVAL,100,GRAMMARSCALE,11,INSWORD,-8,-CORETEST,0,0,191,191,65.36,60.48,4780,857,1676,357,7313
FBK,A,D,Z,Flatstart20,hmm164,TBVAL,5000,ROVAL,100,GRAMMARSCALE,12,INSWORD,0,-CORETEST,0,0,192,192,66.39,60.67,4882,771,1701,420,7354
FBK,A,D,Z,Flatstart20,hmm164,TBVAL,5000,ROVAL,100,GRAMMARSCALE,12,INSWORD,-4,-CORETEST,0,0,191,191,65.69,60.51,4806,825,1685,379,7316
FBK,A,D,Z,Flatstart20,hmm164,TBVAL,5000,ROVAL,100,GRAMMARSCALE,12,INSWORD,-8,-CORETEST,0,0,190,190,65.2,60.52,4743,874,1658,340,7275
FBK,A,D,Z,Flatstart20,hmm164,TBVAL,5000,ROVAL,100,GRAMMARSCALE,13,INSWORD,0,-CORETEST,0,0,191,191,66.1,60.68,4836,792,1688,397,7316
FBK,A,D,Z,Flatstart20,hmm164,TBVAL,5000,ROVAL,100,GRAMMARSCALE,13,INSWORD,-4,-CORETEST,0,0,191,191,65.28,60.55,4776,887,1653,346,7316
FBK,A,D,Z,Flatstart20,hmm164,TBVAL,5000,ROVAL,100,GRAMMARSCALE,13,INSWORD,-8,-CORETEST,0,0,189,189,64.64,60.17,4664,930,1621,323,7215
FBK,A,D,Z,Flatstart20,hmm84,TBVAL,5000,ROVAL,100,GRAMMARSCALE,0,INSWORD,0,-SUBTRAIN,0,0,1168,1168,65.29,46.2,29705,3452,12338,8686,45495
FBK,A,D,Z,Flatstart20,hmm84,TBVAL,5000,ROVAL,100,GRAMMARSCALE,0,INSWORD,-4,-SUBTRAIN,0,0,1167,1167,64.8,47.93,29455,3761,12241,7666,45457
FBK,A,D,Z,Flatstart20,hmm84,TBVAL,5000,ROVAL,100,GRAMMARSCALE,0,INSWORD,-8,-SUBTRAIN,0,0,1167,1167,64.29,49.39,29225,4075,12157,6776,45457
FBK,A,D,Z,Flatstart20,hmm84,TBVAL,5000,ROVAL,100,GRAMMARSCALE,1,INSWORD,0,-SUBTRAIN,0,0,1167,1167,65.71,49.05,29870,3568,12019,7573,45457
FBK,A,D,Z,Flatstart20,hmm84,TBVAL,5000,ROVAL,100,GRAMMARSCALE,1,INSWORD,-4,-SUBTRAIN,0,0,1167,1167,65.1,50.32,29591,3930,11936,6718,45457
FBK,A,D,Z,Flatstart20,hmm84,TBVAL,5000,ROVAL,100,GRAMMARSCALE,1,INSWORD,-8,-SUBTRAIN,0,0,1167,1167,64.56,51.51,29346,4257,11854,5932,45457
FBK,A,D,Z,Flatstart20,hmm84,TBVAL,5000,ROVAL,100,GRAMMARSCALE,2,INSWORD,0,-SUBTRAIN,0,0,1167,1167,66.44,51.56,30203,3523,11731,6765,45457
FBK,A,D,Z,Flatstart20,hmm84,TBVAL,5000,ROVAL,100,GRAMMARSCALE,2,INSWORD,-4,-SUBTRAIN,0,0,1167,1167,65.71,52.61,29869,3948,11640,5954,45457
FBK,A,D,Z,Flatstart20,hmm84,TBVAL,5000,ROVAL,100,GRAMMARSCALE,2,INSWORD,-8,-SUBTRAIN,0,0,1167,1167,64.9,53.29,29502,4372,11583,5277,45457
FBK,A,D,Z,Flatstart20,hmm84,TBVAL,5000,ROVAL,100,GRAMMARSCALE,3,INSWORD,0,-SUBTRAIN,0,0,1167,1167,66.86,53.53,30392,3581,11484,6057,45457
FBK,A,D,Z,Flatstart20,hmm84,TBVAL,5000,ROVAL,100,GRAMMARSCALE,3,INSWORD,-4,-SUBTRAIN,0,0,1167,1167,66.32,54.39,30145,3937,11375,5420,45457
FBK,A,D,Z,Flatstart20,hmm84,TBVAL,5000,ROVAL,100,GRAMMARSCALE,3,INSWORD,-8,-SUBTRAIN,0,0,1167,1167,65.61,54.97,29824,4332,11301,4835,45457
FBK,A,D,Z,Flatstart20,hmm84,TBVAL,5000,ROVAL,100,GRAMMARSCALE,4,INSWORD,0,-SUBTRAIN,0,0,1167,1167,67.21,55.09,30552,3666,11239,5509,45457
FBK,A,D,Z,Flatstart20,hmm84,TBVAL,5000,ROVAL,100,GRAMMARSCALE,4,INSWORD,-4,-SUBTRAIN,0,0,1167,1167,66.6,55.69,30276,4027,11154,4961,45457
FBK,A,D,Z,Flatstart20,hmm84,TBVAL,5000,ROVAL,100,GRAMMARSCALE,4,INSWORD,-8,-SUBTRAIN,0,0,1167,1167,65.96,56.2,29985,4347,11125,4439,45457
FBK,A,D,Z,Flatstart20,hmm84,TBVAL,5000,ROVAL,100,GRAMMARSCALE,5,INSWORD,0,-SUBTRAIN,0,0,1167,1167,67.32,56.19,30603,3762,11092,5060,45457
FBK,A,D,Z,Flatstart20,hmm84,TBVAL,5000,ROVAL,100,GRAMMARSCALE,5,INSWORD,-4,-SUBTRAIN,0,0,1167,1167,66.72,56.79,30328,4077,11052,4514,45457
FBK,A,D,Z,Flatstart20,hmm84,TBVAL,5000,ROVAL,100,GRAMMARSCALE,5,INSWORD,-8,-SUBTRAIN,0,0,1167,1167,66.15,57.12,30068,4402,10987,4101,45457
FBK,A,D,Z,Flatstart20,hmm84,TBVAL,5000,ROVAL,100,GRAMMARSCALE,6,INSWORD,0,-SUBTRAIN,0,0,1167,1167,67.35,57.23,30616,3815,11026,4601,45457
FBK,A,D,Z,Flatstart20,hmm84,TBVAL,5000,ROVAL,100,GRAMMARSCALE,6,INSWORD,-4,-SUBTRAIN,0,0,1167,1167,66.83,57.64,30377,4144,10936,4176,45457
FBK,A,D,Z,Flatstart20,hmm84,TBVAL,5000,ROVAL,100,GRAMMARSCALE,6,INSWORD,-8,-SUBTRAIN,0,0,1166,1166,66.15,57.81,30025,4485,10878,3785,45388
FBK,A,D,Z,Flatstart20,hmm84,TBVAL,5000,ROVAL,100,GRAMMARSCALE,7,INSWORD,0,-SUBTRAIN,0,0,1167,1167,67.45,58.04,30662,3903,10892,4277,45457
FBK,A,D,Z,Flatstart20,hmm84,TBVAL,5000,ROVAL,100,GRAMMARSCALE,7,INSWORD,-4,-SUBTRAIN,0,0,1167,1167,66.78,58.22,30358,4261,10838,3891,45457
FBK,A,D,Z,Flatstart20,hmm84,TBVAL,5000,ROVAL,100,GRAMMARSCALE,7,INSWORD,-8,-SUBTRAIN,0,0,1166,1166,66.21,58.42,30053,4580,10755,3536,45388
FBK,A,D,Z,Flatstart20,hmm84,TBVAL,5000,ROVAL,100,GRAMMARSCALE,8,INSWORD,0,-SUBTRAIN,0,0,1167,1167,67.43,58.67,30653,4025,10779,3984,45457
FBK,A,D,Z,Flatstart20,hmm84,TBVAL,5000,ROVAL,100,GRAMMARSCALE,8,INSWORD,-4,-SUBTRAIN,0,0,1165,1165,66.66,58.71,30226,4450,10667,3605,45343
FBK,A,D,Z,Flatstart20,hmm84,TBVAL,5000,ROVAL,100,GRAMMARSCALE,8,INSWORD,-8,-SUBTRAIN,0,0,1165,1165,65.97,58.7,29911,4841,10591,3294,45343
FBK,A,D,Z,Flatstart20,hmm84,TBVAL,5000,ROVAL,100,GRAMMARSCALE,9,INSWORD,0,-SUBTRAIN,0,0,1165,1165,67.27,59.13,30500,4141,10702,3688,45343
FBK,A,D,Z,Flatstart20,hmm84,TBVAL,5000,ROVAL,100,GRAMMARSCALE,9,INSWORD,-4,-SUBTRAIN,0,0,1165,1165,66.54,59.09,30173,4584,10586,3382,45343
FBK,A,D,Z,Flatstart20,hmm84,TBVAL,5000,ROVAL,100,GRAMMARSCALE,9,INSWORD,-8,-SUBTRAIN,0,0,1163,1163,65.8,59,29796,5015,10470,3079,45281
FBK,A,D,Z,Flatstart20,hmm84,TBVAL,5000,ROVAL,100,GRAMMARSCALE,10,INSWORD,0,-SUBTRAIN,0,0,1165,1165,67.23,59.57,30485,4279,10579,3473,45343
FBK,A,D,Z,Flatstart20,hmm84,TBVAL,5000,ROVAL,100,GRAMMARSCALE,10,INSWORD,-4,-SUBTRAIN,0,0,1163,1163,66.63,59.6,30152,4645,10455,3180,45252
FBK,A,D,Z,Flatstart20,hmm84,TBVAL,5000,ROVAL,100,GRAMMARSCALE,10,INSWORD,-8,-SUBTRAIN,0,0,1159,1159,65.81,59.36,29678,5144,10275,2910,45097
FBK,A,D,Z,Flatstart20,hmm84,TBVAL,5000,ROVAL,100,GRAMMARSCALE,11,INSWORD,0,-SUBTRAIN,0,0,1163,1163,67.2,59.98,30410,4404,10438,3269,45252
FBK,A,D,Z,Flatstart20,hmm84,TBVAL,5000,ROVAL,100,GRAMMARSCALE,11,INSWORD,-4,-SUBTRAIN,0,0,1160,1160,66.54,59.86,30038,4765,10341,3016,45144
FBK,A,D,Z,Flatstart20,hmm84,TBVAL,5000,ROVAL,100,GRAMMARSCALE,11,INSWORD,-8,-SUBTRAIN,0,0,1154,1154,65.47,59.35,29393,5387,10118,2745,44898
FBK,A,D,Z,Flatstart20,hmm84,TBVAL,5000,ROVAL,100,GRAMMARSCALE,12,INSWORD,0,-SUBTRAIN,0,0,1158,1158,66.84,60.01,30110,4605,10334,3074,45049
FBK,A,D,Z,Flatstart20,hmm84,TBVAL,5000,ROVAL,100,GRAMMARSCALE,12,INSWORD,-4,-SUBTRAIN,0,0,1154,1154,66.09,59.8,29673,4989,10236,2826,44898
FBK,A,D,Z,Flatstart20,hmm84,TBVAL,5000,ROVAL,100,GRAMMARSCALE,12,INSWORD,-8,-SUBTRAIN,0,0,1152,1152,65.22,59.47,29229,5517,10068,2577,44814
FBK,A,D,Z,Flatstart20,hmm84,TBVAL,5000,ROVAL,100,GRAMMARSCALE,13,INSWORD,0,-SUBTRAIN,0,0,1157,1157,66.6,60.15,29978,4729,10303,2906,45010
FBK,A,D,Z,Flatstart20,hmm84,TBVAL,5000,ROVAL,100,GRAMMARSCALE,13,INSWORD,-4,-SUBTRAIN,0,0,1149,1149,65.93,60,29470,5115,10115,2652,44700
FBK,A,D,Z,Flatstart20,hmm84,TBVAL,5000,ROVAL,100,GRAMMARSCALE,13,INSWORD,-8,-SUBTRAIN,0,0,1140,1140,65.02,59.55,28857,5621,9904,2429,44382
FBK,A,D,Z,Flatstart20,hmm164,TBVAL,5000,ROVAL,100,GRAMMARSCALE,0,INSWORD,0,-SUBTRAIN,0,0,1168,1168,69.68,52.27,31700,3241,10554,7922,45495
FBK,A,D,Z,Flatstart20,hmm164,TBVAL,5000,ROVAL,100,GRAMMARSCALE,0,INSWORD,-4,-SUBTRAIN,0,0,1168,1168,69.08,53.99,31426,3548,10521,6864,45495
FBK,A,D,Z,Flatstart20,hmm164,TBVAL,5000,ROVAL,100,GRAMMARSCALE,0,INSWORD,-8,-SUBTRAIN,0,0,1167,1167,68.55,55.43,31163,3863,10431,5967,45457
FBK,A,D,Z,Flatstart20,hmm164,TBVAL,5000,ROVAL,100,GRAMMARSCALE,1,INSWORD,0,-SUBTRAIN,0,0,1168,1168,70.29,55.27,31978,3261,10256,6835,45495
FBK,A,D,Z,Flatstart20,hmm164,TBVAL,5000,ROVAL,100,GRAMMARSCALE,1,INSWORD,-4,-SUBTRAIN,0,0,1168,1168,69.58,56.55,31656,3648,10191,5927,45495
FBK,A,D,Z,Flatstart20,hmm164,TBVAL,5000,ROVAL,100,GRAMMARSCALE,1,INSWORD,-8,-SUBTRAIN,0,0,1167,1167,69.01,57.63,31368,4018,10071,5171,45457
FBK,A,D,Z,Flatstart20,hmm164,TBVAL,5000,ROVAL,100,GRAMMARSCALE,2,INSWORD,0,-SUBTRAIN,0,0,1168,1168,70.94,57.76,32276,3205,10014,6000,45495
FBK,A,D,Z,Flatstart20,hmm164,TBVAL,5000,ROVAL,100,GRAMMARSCALE,2,INSWORD,-4,-SUBTRAIN,0,0,1168,1168,70.27,58.75,31970,3603,9922,5241,45495
FBK,A,D,Z,Flatstart20,hmm164,TBVAL,5000,ROVAL,100,GRAMMARSCALE,2,INSWORD,-8,-SUBTRAIN,0,0,1166,1166,69.52,59.37,31571,3988,9852,4610,45411
FBK,A,D,Z,Flatstart20,hmm164,TBVAL,5000,ROVAL,100,GRAMMARSCALE,3,INSWORD,0,-SUBTRAIN,0,0,1168,1168,71.54,59.77,32545,3179,9771,5352,45495
FBK,A,D,Z,Flatstart20,hmm164,TBVAL,5000,ROVAL,100,GRAMMARSCALE,3,INSWORD,-4,-SUBTRAIN,0,0,1166,1166,70.8,60.4,32151,3586,9674,4723,45411
FBK,A,D,Z,Flatstart20,hmm164,TBVAL,5000,ROVAL,100,GRAMMARSCALE,3,INSWORD,-8,-SUBTRAIN,0,0,1166,1166,70.05,60.88,31812,3968,9631,4164,45411
FBK,A,D,Z,Flatstart20,hmm164,TBVAL,5000,ROVAL,100,GRAMMARSCALE,4,INSWORD,0,-SUBTRAIN,0,0,1168,1168,71.79,61.21,32661,3232,9602,4815,45495
FBK,A,D,Z,Flatstart20,hmm164,TBVAL,5000,ROVAL,100,GRAMMARSCALE,4,INSWORD,-4,-SUBTRAIN,0,0,1166,1166,71.17,61.71,32318,3589,9504,4294,45411
FBK,A,D,Z,Flatstart20,hmm164,TBVAL,5000,ROVAL,100,GRAMMARSCALE,4,INSWORD,-8,-SUBTRAIN,0,0,1166,1166,70.51,62.12,32021,3958,9432,3811,45411
FBK,A,D,Z,Flatstart20,hmm164,TBVAL,5000,ROVAL,100,GRAMMARSCALE,5,INSWORD,0,-SUBTRAIN,0,0,1167,1167,72.03,62.4,32739,3268,9442,4380,45449
FBK,A,D,Z,Flatstart20,hmm164,TBVAL,5000,ROVAL,100,GRAMMARSCALE,5,INSWORD,-4,-SUBTRAIN,0,0,1166,1166,71.41,62.81,32430,3616,9365,3907,45411
FBK,A,D,Z,Flatstart20,hmm164,TBVAL,5000,ROVAL,100,GRAMMARSCALE,5,INSWORD,-8,-SUBTRAIN,0,0,1165,1165,70.77,63,32098,3987,9272,3524,45357
FBK,A,D,Z,Flatstart20,hmm164,TBVAL,5000,ROVAL,100,GRAMMARSCALE,6,INSWORD,0,-SUBTRAIN,0,0,1166,1166,72.16,63.26,32770,3335,9306,4044,45411
FBK,A,D,Z,Flatstart20,hmm164,TBVAL,5000,ROVAL,100,GRAMMARSCALE,6,INSWORD,-4,-SUBTRAIN,0,0,1165,1165,71.5,63.5,32431,3705,9221,3630,45357
FBK,A,D,Z,Flatstart20,hmm164,TBVAL,5000,ROVAL,100,GRAMMARSCALE,6,INSWORD,-8,-SUBTRAIN,0,0,1165,1165,70.9,63.74,32157,4037,9163,3246,45357
FBK,A,D,Z,Flatstart20,hmm164,TBVAL,5000,ROVAL,100,GRAMMARSCALE,7,INSWORD,0,-SUBTRAIN,0,0,1165,1165,72.14,63.91,32721,3429,9207,3733,45357
FBK,A,D,Z,Flatstart20,hmm164,TBVAL,5000,ROVAL,100,GRAMMARSCALE,7,INSWORD,-4,-SUBTRAIN,0,0,1165,1165,71.53,64.19,32446,3765,9146,3330,45357
FBK,A,D,Z,Flatstart20,hmm164,TBVAL,5000,ROVAL,100,GRAMMARSCALE,7,INSWORD,-8,-SUBTRAIN,0,0,1163,1163,70.9,64.3,32076,4103,9059,2989,45238
FBK,A,D,Z,Flatstart20,hmm164,TBVAL,5000,ROVAL,100,GRAMMARSCALE,8,INSWORD,0,-SUBTRAIN,0,0,1164,1164,72.21,64.55,32715,3504,9088,3468,45307
FBK,A,D,Z,Flatstart20,hmm164,TBVAL,5000,ROVAL,100,GRAMMARSCALE,8,INSWORD,-4,-SUBTRAIN,0,0,1163,1163,71.57,64.74,32376,3833,9029,3088,45238
FBK,A,D,Z,Flatstart20,hmm164,TBVAL,5000,ROVAL,100,GRAMMARSCALE,8,INSWORD,-8,-SUBTRAIN,0,0,1163,1163,70.91,64.81,32077,4181,8980,2760,45238
FBK,A,D,Z,Flatstart20,hmm164,TBVAL,5000,ROVAL,100,GRAMMARSCALE,9,INSWORD,0,-SUBTRAIN,0,0,1163,1163,72.17,65.12,32648,3569,9021,3191,45238
FBK,A,D,Z,Flatstart20,hmm164,TBVAL,5000,ROVAL,100,GRAMMARSCALE,9,INSWORD,-4,-SUBTRAIN,0,0,1163,1163,71.55,65.22,32366,3929,8943,2861,45238
FBK,A,D,Z,Flatstart20,hmm164,TBVAL,5000,ROVAL,100,GRAMMARSCALE,9,INSWORD,-8,-SUBTRAIN,0,0,1162,1162,70.93,65.22,32062,4268,8872,2581,45202
FBK,A,D,Z,Flatstart20,hmm164,TBVAL,5000,ROVAL,100,GRAMMARSCALE,10,INSWORD,0,-SUBTRAIN,0,0,1163,1163,71.91,65.37,32532,3764,8942,2958,45238
FBK,A,D,Z,Flatstart20,hmm164,TBVAL,5000,ROVAL,100,GRAMMARSCALE,10,INSWORD,-4,-SUBTRAIN,0,0,1163,1163,71.29,65.37,32261,4122,8869,2678,45252
FBK,A,D,Z,Flatstart20,hmm164,TBVAL,5000,ROVAL,100,GRAMMARSCALE,10,INSWORD,-8,-SUBTRAIN,0,0,1162,1162,70.67,65.28,31962,4468,8794,2439,45224
FBK,A,D,Z,Flatstart20,hmm164,TBVAL,5000,ROVAL,100,GRAMMARSCALE,11,INSWORD,0,-SUBTRAIN,0,0,1162,1162,71.55,65.39,32359,3956,8909,2789,45224
FBK,A,D,Z,Flatstart20,hmm164,TBVAL,5000,ROVAL,100,GRAMMARSCALE,11,INSWORD,-4,-SUBTRAIN,0,0,1161,1161,71.07,65.48,32115,4256,8815,2526,45186
FBK,A,D,Z,Flatstart20,hmm164,TBVAL,5000,ROVAL,100,GRAMMARSCALE,11,INSWORD,-8,-SUBTRAIN,0,0,1158,1158,70.38,65.28,31694,4670,8671,2293,45035
FBK,A,D,Z,Flatstart20,hmm164,TBVAL,5000,ROVAL,100,GRAMMARSCALE,12,INSWORD,0,-SUBTRAIN,0,0,1159,1159,71.32,65.53,32169,4120,8814,2615,45103
FBK,A,D,Z,Flatstart20,hmm164,TBVAL,5000,ROVAL,100,GRAMMARSCALE,12,INSWORD,-4,-SUBTRAIN,0,0,1158,1158,70.74,65.47,31856,4432,8747,2371,45035
FBK,A,D,Z,Flatstart20,hmm164,TBVAL,5000,ROVAL,100,GRAMMARSCALE,12,INSWORD,-8,-SUBTRAIN,0,0,1157,1157,70.09,65.24,31550,4811,8651,2185,45012
FBK,A,D,Z,Flatstart20,hmm164,TBVAL,5000,ROVAL,100,GRAMMARSCALE,13,INSWORD,0,-SUBTRAIN,0,0,1158,1158,70.99,65.54,31969,4291,8775,2454,45035
FBK,A,D,Z,Flatstart20,hmm164,TBVAL,5000,ROVAL,100,GRAMMARSCALE,13,INSWORD,-4,-SUBTRAIN,0,0,1157,1157,70.4,65.39,31689,4591,8732,2257,45012
FBK,A,D,Z,Flatstart20,hmm164,TBVAL,5000,ROVAL,100,GRAMMARSCALE,13,INSWORD,-8,-SUBTRAIN,0,0,1154,1154,69.8,65.2,31360,4915,8655,2067,44930
